ID,neutral00,neutral01,neutral02,neutral03,neutral04,neutral05,neutral06,neutral07,neutral08,neutral09,neutral10,neutral11,neutral12,neutral13,neutral14,neutral15,neutral16,neutral17,neutral18,neutral19,neutral20,neutral21,neutral22,neutral23,neutral24,neutral25,neutral26,neutral27,neutral28,neutral29,neutral30,neutral31,neutral32,neutral33,neutral34,neutral35,neutral36,neutral37,neutral38,neutral39
02_20_7e1bc9,如遲誤一期履行，其後喪失期限利益，,長時間工作，子女由原告接送上下學等，,嗣被告於頂讓便當生意後本希望原告幫其對帳，,這是被告能做的；或是先分居一段時間，,2次按扶養之程度，應按受扶養權利者之需要，,但被告已經半年未與子女接觸，此期間仍關心子女狀況，,若因學校安排之活動固定課外輔導或特殊原因致無法探視，,方急於拿取原告手機，兩造發生拉扯，,被告婚後一再為家中生計努力工作，存摺印章等亦皆交由原告保管，,嗣後案父質疑案母有婚外情，故兩造發生言語及肢體衝突，,顯然不適合單獨監護，家屬在照顧子女只是協助的角色，,甚至恐嚇之言詞，此非如被告所主張一時情緒之言語云云，,甚至家中垃圾桶之保險套等，原告均否認為原告所使用或攜回，,而原告無法就近照料時，被告應為必要之醫療措施，,得審酌一切情況，定其給付之方法，不受聲請人聲明之拘束。,被告因此情緒衝動而有肢體行為，但此絕非故意實施家暴，,垃圾桶內尚有保險套等物，被告見狀詢問，,核其性質係屬非訟事件，屬本院得依職權審酌而定之事項，,為什麼全是我，幹殺妳們全家婊子幹妳一直說別的男人對妳好，,於本判決確定後，如遲誤壹期不履行者，,探視時間屆滿時，由原告至被告住居所攜回未成年子女乙丙，,此所謂不堪同居之虐待，係指予以身體或精神上不可忍受之痛苦，,非如被告訴代所稱不需參酌家屬意見，,非以他方出於虐待之主觀意思為其要件，,我沒有別的男人，我只有你，你要對自己有信心，,訴請離婚，應屬無理由。4家中生計主要支出者為被告，,然原告聲請該保護令所陳述之內容與事實有違。,前揭會面時間於兩造協議後亦得自行變更或延長。,被告應另行開創己身之事業，可使家中妻子獲得更優渥之生活環境，,3本院斟酌上情，未成年子女乙丙現與母親即原告同住受照顧，,而依卷附臺中市私立龍眼林社會福利慈善事業基金會訪視報告，,被告得為見面通信通話致贈禮物交換照片拍照等行為，,但對此被告為維持家中美滿亦僅能隱忍。,則當次之探視時間，順延至次一週實施。,被告盛怒之下竟以雙手毆打原告，並用腳踹原告，,現仍存續中，並育有未成年子女乙丙，,但遭原告拒絕，被告乃由行善團會計之友人協助核對，,無正當理由，原告不得無故拒絕。原告經被告同意，,被告本能反應認原告在婚姻中有隱瞞之情事，,其等理解及表達能力清晰，可充分表達，
03_10_df8a44,係屬定期金性質，為恐日後被告有拒絕或拖延之情，,5南山人壽保單號碼號保單價值：172909元。,亦即由原告負全責，縱被告應負一點責任，,有沒有制止爸爸不要打媽媽？）有，但爸爸沒有停手。,一再以威脅性強制性逼迫性之口吻內容對待原告，,自應以法定財產制為其等之夫妻財產制。,102年2月2日晚間，原告不理被告用餐事宜，,均至清償日止，按週年利率百分之5計算之利息部分，,其判斷之標準為婚姻是否已生破綻而無回復之希望。,其經常性支出包括消費性支出及非消費性支出，,兩造所生未成年子女丙丁權利義務之行使或負擔，,有不能維持婚姻之重大事由。且就上開離婚事由觀之，,問爸爸說你知道我在洗澡嗎？他回答我怎麼知道是你在洗。,與扶養義務者之經濟能力及身分定之；負扶養義務者有數人，,（你有看到媽媽受傷嗎？）有，媽媽的眼睛周圍還有腰部，,然被告並不因此免予負擔未成年子女之扶養義務，,有時候讀到快二點。（爸爸打媽媽之後，,則原告請求分配剩餘財產即無理由，亦應駁回。,原告離婚之請求應予駁回。三原告離婚之請求應予駁回，,且原告自己花光所得，而無什麼存款，,並提出報告及建議，家事事件法第106條第1項復有明文。,共148255元。3中環10400股，,2三信商業銀行：14779元。股票證券：429061元。,媽媽會常常在晚上講電話講很久嗎？）不會。,而應依客觀之標準，即難以維持婚姻之事實，,2南山人壽保單號碼號保單價值：1198元。,有戶籍謄本可稽，兩造於本件審理終結前，,七聲明：如主文所示。貳被告則以：一原告所述不實，,準此，原告依民法第1030條之1第1項規定，,在原告公司散佈不實之言論，貶損原告人格。,而被告之婚後財產為10624032元，,伊空言否認，自無可採。二婚後債務部分：1434586元，,又有民法第1052條第1項以外之重大事由，,三樓會沒水洗。被告在二樓洗澡，亦不知三樓有人在洗，,被告亦無動於衷，令子女目睹父親毆打母親，,係贈與被告之購屋賀金，要給被告購買傢俱及裝潢之用，,但因繼承或其他無償取得之財產及慰撫金不在此限。,爸爸就直接帶我去公司。他看著每個公司的司機，,難以維持婚姻者，夫妻之一方如無過失，,以確保未成年子女即時受扶養之權利，
05_06_08c0ba,且為實際照顧者；其，其真摯意願應予尊重等一切情狀，,依協議由一方或雙方共同任之。未為協議或協議不成者，,本院裁定如下：主文兩造所生未成年子女甲（男，,如不服本裁定應於送達後10日內向本院提出抗告狀，,育有未成年人甲；嗣兩造於103年3月7日調解離婚，,未實際擔負對於甲之身上照護職務之事實，,兩造於民國（下同）103年3月7日調解離婚，,另有犯施用第一級毒品罪，已宣判但尚未接到判決書。,於104年9月起將未成年人交由聲請人照顧。,酌定聲請人單獨任之。聲請程序費用新臺幣壹仟元由相對人負擔。,兩造均得隨時聲請法院酌定之，併此敘明。,尤應注意：子女之年齡性別人數及健康情形。,但關於甲之親權監護部分兩造未有約定等情，,五依家事事件法第97條非訟事件法第21條第2項，,未成年人之姑姑鍾招娣亦表示相對人現因案在監執行，,105年2月18日入監執行，刑期須到108年12月5日，,嗣相對人而聲請人為甲之生母，有監護意願，,未約定甲之親權監護人。離婚後，甲雖交由相對人照顧，,二相對人則稱：伊現因犯槍砲案經判刑有期徒刑三年六月確定，,業據未成年人甲證稱：之前是爸爸媽媽在照顧我，,法院依民法第一千零五十五條條裁判時，,伊同意甲由聲請人單獨監護，但希望伊出監後，,但相對人卻將甲交由其姐鍾招娣照顧，,本院乃認由聲請人獨任未成年人甲之監護人符合甲之最佳利益，,（四）本院審酌前開各情，並參考訪視報告，,逕將甲交付其姐照顧，自己則另在附近住居，,並據聲請人陳明在卷（見本院卷第40頁）。,日後俟相對人出監且認有必要，在尊重未成年子女意願前提下，,未與甲同住，自己住在附近，未對甲付出關懷。,爸爸沒有一起住，不知道爸爸去哪裡，,民法第1055條第5項固定有明文。,而伊現在不便照顧，已將未成年人甲交由聲請人照顧等語，,甲可以歸還由伊監護等語。三本院之判斷：（一）按夫妻離婚者，,爸爸媽媽沒有在一起後，我跟爸爸住，,需服刑至108年12月5日，同意於伊在監服刑期間，,應依子女最佳利益，審酌一切情狀，參考社工人員之訪視報告，,請求法院改定之，民法第1055條第1項第3項定有明文。,亦有本院公務電話紀錄附卷足佐，核與聲請人所述情節悉相符。,但實際上相對人卻現因鍾招娣無法照顧，,有戶籍謄本在卷足佐（見本院卷第4頁），
05_16_a5fed5,（五）兩造於不違反未成年子女意願學業及作息範圍內，,兩造應隨時保持電話聯繫暢通，並應告知他方未成年子女所在處所。,自行決定其與聲請人會面交往之時間及方式。,得隨時以電話網路或書信與未成年子女聯絡。,（六）兩造應注意未成年子女之身心發展，,願意每月支付相對人5000元至10000元扶養未成年子女，,依附關係亦屬良好，而相對人與母親兄嫂一同照顧未成年子女，,二兩造應遵守事項：（一）兩造行使會面交往權時，,有隱匿聲請人行蹤探視未成年子女之事實，,未成年子女現年5歲，由相對人及其家人照顧，,假日時能與聲請人同住，同時有父母之關懷等情，,而聲請人表示：伊每月薪資僅新臺幣（下同）兩萬多元，,但伊希望1個月之中能夠探視幾次未成年子女，,伊如果留在台灣，如果相對人以後養不起未成年子女，,將無法居留在台灣，相對人明知此一情形，,剝奪未成年子女在成長過程中繼續獲得母親之關愛。,相對人惡意妨礙聲請人與未成年子女會面交往，,依協議由一方或雙方共同任之。未為協議或協議不成者，,未成年子女權利義務之行使或負擔由相對人任之。,不得教導未成年子女仇視他方，或妨礙未成年子女與他方正常往來。,然相對人，相對人為越南之外籍配偶，,又阻礙聲請人對未成年子女會面交往親權之行使，,應於2日前通知他方及未成年子女，兩造無正當理由，,伊也可以幫忙支付扶養費等語。經法官訊問未成年子女後，,並由相對人擔任未成年子女丙之主要照顧者。,兩造同意援引上開離婚事件酌定未成年子女親權之訪視報告，,如果居留期間無法延長，伊回越南後，,相對人向鈞院請求離婚，聲請人於審理期間因未居住於戶籍地，,而本件開庭訊問時，相對人表示：因為未成年子女都是伊在扶養，,聲請人於本院審理時表示願每月給付未成年子女扶養費用，,堪信為真實。（二）另本院依職權調閱上開離婚事件卷宗，,未成年子女長期欠缺母親關懷陪伴，有害於未成年子女之利益，,並將未成年子女對聲請人之感受意願告知兩造，,聲請人得攜同未成年子女返家過年，於初四下午6時前，,酌定未成年人權利義務之行使或負擔由相對人任之。,自除夕當日上午9時前聲請人得攜同未成年子女返家過年，,（四）如遇學校暑假期間，除上述會面期間外，,提供未成年子女安全關懷之生活教養環境，,然聲請人離家後不定時返回相對人之住處探視未成年子女，,相對人之兄及兄嫂不喜歡未成年子女到聲請人之住處，
05_37_014d3c,定其給付之方法，不受聲請人聲明之拘束。,均無理由等語置辯，並聲明：駁回原告之訴。,因兩造之互動亦使未成年子女感到壓力，,已無共同活，未同居期間之生活費用，,本件兩造原先即因子女照顧等問題而同意分房，,負擔至未成年子女於101年底休學時止。,四原告自102年2月起，未再與被告互動，,應予准許，其另依民法第1056條規定，,應按受扶養權利者之需要與負扶養義務者之經濟能力及身分定之，,有逐漸減少家庭生活費用分擔情事，但並非全未盡義務，,91年6月26日修正後民法第1003條之1定有明文，,因被告通過澎湖地方特考而遷居澎湖，,凡此，兩造因未能互相體察彼此辛勞之處，,即於未成年子女面前咆哮責打未成年子女等方式逼迫，,及情緒不穩，因細故脾氣發作而爭執等過程不斷上演，,視為取消當次之探視，原告及未成年子女毋庸等候。,甚至在原告未告知前不知子女就學之處所，,對於未成年子女往後照顧與教育亦相當重視，,及分擔子女部分保險費（年繳約10000元左右），,至同日晚上8時30分前帶回原處所。,均不爭執，則原告核尚無不當減少其婚後財產之情事，,應依子女之最佳利益，審酌一切情狀，,然均不爭執在101年底時兩造已分房，,又所謂婚姻共同生活體，不以共同居住一處為必要，,於102年12月間被告主動解除帳戶自動扣款而未再負擔。,未成年子女之所有支出家庭開銷等均由原告獨自負擔，,於高雄地區無適當之支持系統，為未成年子女之最佳利益考量，,約幾千元，伊在原告沒有工作那段時間也會給伊零用錢，,而被告雖未再匯款繳納貸款，然家中其他支出及家事勞務仍舊負擔，,4情感依附：。5未成年子女之意願：觀察綜上而論，,由原告親自照顧，被告負擔家庭生活費用，,但同宿在親子情感交流意義上，應是果而非因，,兩造交往多年，在未受到被告原生家庭之祝福下仍堅定走入婚姻，,從而，原告依民法第1052條第2項規定訴請判決離婚，,足見兩造已無夫妻生活之可能性，情感已蕩然無存，,及兩造收入約略相當，認應由被告負擔每月10000元之扶養費，,而婚姻是否已生破綻無回復之希望，則應依客觀之標準，,爰不一一論述，併此敘明。十據上論結，,接下來兩造長達二年時間幾乎無互動不聞問，,及原告之經濟狀況親職能力及兩造現難以妥善溝通討論等情，
06_14_4324db,致其出手毆打相對人而遭收容及保護管束，,也聯絡不上101年12月7日載明已連續二天未到校，,裁定如主文第2項所示。四依家事事件法第104條第3項，,於103年10月13日載明缺曠課嚴重，,嚴重影響子女之受教權，致學校師長聯繫無著，,亦有諸多非理性之言行，渴求兄姊之關懷協助。,連個早餐錢也沒給我，一個月沒吃過早餐了，,個案有美工刀自傷行為近期因監護權官司，,並由相對人照顧次子乙之生活起居，此情為兩造所不爭執，,會特別注意其身體狀況，平日與子女相處如朋友，,足見子女乙與相對人同居生活期間，其情緒多有低落之處，,子女有獨立房間書桌電腦，相對人表示因子女有血癌，,我快被折磨死了，各位兄弟姊妹看到的，,本件應駁回其聲請。三本院之判斷：（一）按夫妻離婚者，,致我國中只拿到肄業證書，媽媽常帶我們去看精神科醫生，,陸相對人於會面交往期間應善盡保護教養及醫療照顧責任。,於不影響子女學校暑期輔導活動之情形下，,爰酌定相對人得與子女會面交往如附表，,由聲請人與相對人參酌子女意見另行協議。,平日居住於警察宿舍，每月與次子乙見面12次，,相對人得增加10日之會面交往期間，,作業有缺漏，聯絡簿沒簽名101年11月載明已連續二天未到校，,不帶我去看醫生就算了，還叫我幫忙掃地洗碗，,哥哥姊姊又沒一個人回我，我快死了我的肚子很痛，,她常說身體不適需人照顧，讓我們請假回家，,因相對人陪伴在旁，次子乙不敢多說話，,請求法院改定子女之權利義務行使負擔或會面交往方式。,不帶我去看醫生就算了，還叫我幫忙掃地洗碗，,媽媽不要養後面養一隻很可愛的狗嘴巴被橡皮筋綁，,使其有表達意願或陳述意見之機會；必要時，,請喪假1週，過後仍未到校，也連絡不上，,倘改由聲請人行使次子乙之監護權，將安排於附近就讀國中，,童年記憶裡沒有所謂的睡覺前陣子我發現小弟沒上課，,根本不管我死活，痛死了誰可以救救我，,應依子女之年齡及識別能力等身心狀況，,（二）查聲請人與相對人於95年2月9日離婚，,如對本裁定抗告，須於裁定送達後10日內向本院提出抗告狀，,為此，爰聲請酌定改由聲請人行使負擔對未成年子女乙之權利義務。,限制子女與其兄姊見面，依據青少年發展理論，,於法庭內外，以適當方式，曉諭裁判結果之影響，
06_44_b883ce,未成年子女許紀為說要下車自己回去，,因命給付扶養費，係屬家事非訟事件，,其不僅為父母之權利，更為子女之權利，,實無法與被告同住，已於106年3月29日返回娘家居住，,然被告不遵守協議。106年3月底某日，,又父母對未成年子女有保護教養及扶養義務，,原告聲請訊問之證人許紀為許逸宏均已遭原告洗腦，,並以衛生紙影射原告偷人，被告辯稱是開玩笑係關心原告身體，,自無庸再就原告其餘離婚請求權加以審酌。,被告因懷疑原告外遇，下班回來叫原告脫褲子檢查一下，,並於通訊軟體解釋是其太愛原告，不敢向原告說，,將酒倒入被告車輛，導致未成年子女許紀為誤解被告。,亦有賭博陋習，希望為了兩位受監護人有良好教育生活照顧，,被告亦當庭表示該協議書是四個人一起簽名同意，,民法第1055條第1項第1055條之1分別定有明文。,被告多次問原告說妳的車怎麼沒停放在路邊，,教育規劃評估：許紀為就讀軍校許逸宏目前就讀國中二年級，,我爸說要去學校載我，他上快速道路的時候一直偏來偏去，,如有其他支出，原告會支付，被告為未成年子女之父，,在台北工作之四五年間，為維繫夫妻與親子感情，,四得心證之理由：（一）原告主張兩造係夫妻，,（三）父母之年齡職業品行健康情形經濟能力及生活狀況。,致夫妻無法共同生活，無復合可能者，,且此種扶養義務為生活保持義務，並非生活扶助義務，,仍入不敷出，甚至須代償原告之借款，,剩餘的錢都給了原告。90幾年間，被告遠赴台北工作，,是以兩造對於未成年子女之扶養程度，,因此原告絕對具有照顧子女之能力與環境。,業據原告提出協議書為證（卷第7頁），,許紀為就讀軍校，每月可領6000元，,會罵三字經等語（卷第214頁反面），,並到原告工作之自助餐購買便當帶回家食用，,是因為早到老闆也不會多給薪水，原告是中午1點半下班，,顯不足採信。至於原告主張被告對其下體檢查一事，,被告自稱過去為經濟提供者，過去亦為協助照顧，,顯係謊言。原告於85年4月24日購車，,兩造其餘陳述及主張對本件認定之結果無影響，,並提出報告及建議，家事事件法第106條第1項另有明文。,以想做那件事5分鐘就足夠等語羞辱原告，,且傳送訊息暗諭原告在外有男人以羞辱原告，
07_04_53ddb1,並聲明：1准反請求原告與反請求被告離婚。,堪認屬實。雖反請求被告以前詞置辯，,如有遲誤一期履行，當期以後一至十二期之給付視為亦已到期。,而婚姻是否已生破綻無回復之希望，不可依主觀的標準，,即從原告已喪失維持婚姻意欲之主觀面加以認定，,至未成年子女郭安芹成年之日止，按月於每月十日，,因為我平日工作有時候會拖到深夜12點多才下班，,你以為我不敢打你是不是，隨後錄影畫面避開二人身體主要部分，,原告與楊晴媃通姦，屬有過失之一方，,竟屢遭被告拒於門外，不讓原告及未成年子女郭鎧瑜進入家門，,六反請求原告其餘之訴駁回。七訴訟費用由原告負擔。,又受害人因離婚所受非財產上之損害，,令被告難過萬分。又兩造婚後，被告認識訴外女子楊晴媃，,當令反請求原告深受打擊，其所受精神上之痛苦非微，,所餘100萬元則因被告保證會返還而先存入被告之帳戶內。,因左眼傷害之程度已影響日常生活起居，,建議本案宜由反請求原告單方行使未成年子女之親權較屬週合等語，,爰依民法第1052條第1項第4款及第2項規定請求判決離婚。,又被告觀念保守，結婚迄今均忠於家庭，,有穩定工作收入，亦有自宅可做為未成年子女日後成長環境，,但其事由應由夫妻之一方負責者，僅他方得請求離婚，,就反請求被告部分，結果略以：本會訪視了解，,又被告對未成年子女郭鎧瑜儉省已達吝嗇程度，,未料未成年子女郭鎧瑜竟然情緒失控，,伊不確定照片中的男女是否為伊和楊晴媃。,請求判准兩造離婚，自均無理由，應予駁回。,而與楊晴媃發生前述外遇行為，所為嚴重破壞兩造婚姻幸福美滿，,而意圖占為己有。兩造感情因上開事由而日漸不睦，,又反請求原告為二專畢業，從事保險業務員，,顯示：未成年子女郭鎧瑜與被告就整理房間之事發生爭執，,未成年子女郭鎧瑜應有揮打外傭手持錄影中之手機，,既已緩和處分權主義，明定法院得於聲請人請求之總額內，,喪失期限利益之範圍或條件，並得酌定加給之金額。,被證3第2頁照片中的男女，女的長的有像楊晴媃，,故定離因損害之賠償數額，自應斟酌已定之離婚損害賠償數額，,併諭知如反請求被告有遲誤1期履行，,酌定由反請求原告任之。爰判決如主文第三項所示。,反請求被告之經濟能力顯較反請求原告為優，,並於104年11月29日打傷未成年子女郭鎧瑜等情事，,則其依民法第1052條第1項第第4款第2項之規定，
09_45_7b7d65,此後再也不願返回夫妻共同住所之承德路房屋，,並建請諭令兩造皆應遵守友善父母原則，,對其衝擊過大，恐生反效果，造成父女關係更為疏離，,夫妻實已形同陌路。近年雙方及雙方父母曾多次論及離婚事宜，,堪信為真。被告雖辯稱係基於兩造之協商而攜女回娘家居住，,其備位聲明請求履行同居即無庸審究。,原告即已一再表示，只要能夠增加見到子女的時間，,被告可適任案主監護人角色稱職。因本會僅與被告及案主訪談，,已包含日常生活所需之食衣住行育樂各項費用在內，,然此期間，原告鮮少到被告娘家探視被告及女兒，,評估被告的收支若持續做好良善的支配運用，,如雙方之有責程度相同時，則雙方均得請求離婚，,再丁為女童，日後成長及青春期所面臨之生理心理問題，,併予敘明。九據上論結，本件原告之訴為一部有理由一部無理由，,且該事由不可歸諸於原告，爰依民法第1052條第2項之規定，,滿足其在成長及就學階段之生活各方面所需，,始符公平（最高法院90年度臺上字第1965號判決參照）。,觀察社區生活機能佳，住所內有完整家具且整理乾淨，,已合於民法第1052條第2項難以維持婚姻重大事由。,案主在睡覺與原告探視時都需要被告陪伴。,丁自出生後一直由被告照顧撫育，與被告關係十分密切。,係為求公允而設，故難以維持婚姻之重大事由，,已如前述。惟丁亦需父母兩性親情之關愛，,可見兩造婚後感情不睦，乃有離婚之議。,堪認雙方已無維繫婚姻之心意，徒有夫妻之名而無夫妻之實，,綜上，兩造婚後感情不睦，致有離婚之議。,原告應自被告單獨行使負擔未成年子女丁之權利義務確定之日起，,然分居之原因係因，兩造協商被告於坐月子期間，,被告於中興醫院坐月子半個月後，即以回娘家續坐月子為由，,故兩造婚姻破綻之發生，原告之有責性較高，,無法將案主交由與案主父女親情感疏離的原告照顧，,本點所定之會面交往期間如與第點所定之期間重疊時，,並準用同法第100條第124項之規定，,然對於原告，案主論及兩人的相處內容是為有限，,再扶養之程度，應按受扶養權利者之需要，,依民法第1001條規定兩造間彼此仍互負同居之義務，,且基於未來不會因為兩造的摩擦而影響到案主事務的處理，,被告有正當工作，日常生活作息正常，,所證應屬實情，堪認兩造分居後主觀上均無回復同居關係之意願。,雙方自此未有任何同居事實，迄今已經7年有餘，
10_21_d54011,應改定由聲請人單獨任之：夫妻離婚者，,若有延擱，得延長30分鐘，逾30分鐘接回，,應尊重其等個人意願，由其等自行決定會面交往之方式及期間。,不是灰燼，而是厚實的春泥。七綜上所述，,名下財產總額94萬2268元吳秋菊105年無所得紀錄，,，彭宜葳為全職家庭主婦，長男長女由其照顧，,若楊世昌未通知彭宜葳其指定第三人之姓名及關係，,就此彭宜葳僅稱因為當初是長男在唸書，,其後二十四期（含遲誤期）各視為亦已到期。,得審酌一切情況，定其給付之方法，不受聲請人聲明之拘束。,故彭宜葳逾此範圍之請求，則屬無據，,兼衡兩造住所培育親情之機會避免干擾各自之生活作息，,其與未成年子女之身分關係，不因離婚而受影響，,惟若其遲誤一期履行，即令其後所有之期間均視為到期，,並應負擔子女每月之保險費，其餘子女之生活費由彭宜葳負擔。,未行使親權之父母一方，僅其親權之行使暫時停止，,六兩造均不得對長男長女灌輸反抗對造或不利於對造之思想觀念。,足見其亦認為自己可負擔較多的扶養費數額，,此時父母仍應就其經濟能力及身分，與未成年子女之需要，,可知兩造能提供子女在最低生活水平以上的生活品質（例如，,相對人即反請求聲請人楊世昌應自民國一六年六月二十二日起，,然楊世昌未舉證佐實彭宜葳係如何故意阻撓會面交往之進行，,一律自假期開始後第三日下午5時起算至最後一日的晚上9時止。,民法第1119條規定甚明。故於父母離婚後，,故為免兩造就扶養費僵持不下，影響子女之最佳利益，,加以彭宜葳須在長男長女就學以外時間，,得前去其等就讀之幼兒園或學校探視會面。,如長男長女於會面交往中患病或有其他急迫情形，,且長男長女之生活教育等費用應不限於接受國民義務教育，,據此而論，長男長女若仍由兩造共同行使權利負擔義務，,此增加時間之起始點由兩造協議，如協議不成，,本院認長男長女每月扶養費應各為1萬8000元為適當。,且其等與彭宜葳共同生活，有強烈之依附關係，,例如以發送簡訊或Line方式準時告知要接長男長女，,爰不逐一詳予論駁，併此敘明。九依家事事件法第104條第3項，,距今不遠，何以數額有如此幅度的提高，,視同放棄當次的會面交往；逾30分鐘送回，,與負扶養義務者之經濟能力及身分定之，,於每月第24週之週六上午10時起至該週週日下午8時止。,約定未成年子女權利義務之行使或負擔均由兩造共同任之，
11_09_d895a4,自甲受胎所生，依上揭法文規定及說明，,此舉嚴重破壞甲與未成年子女間之親子關係，,亦傷害其等之心靈。豈料甲在另案損害賠償事件中，,遂提起本件否認子女之訴，並要求進行親子血緣鑑定等節，,自應酌定由乙單獨行使及負擔對於其等之權利義務，,並由乙代為受領，如一期逾期不履行，,預估其等未來在成長各階段之生活就學等需求，,逕自收拾行李後強帶郭衣紜郭秝鈺出遊過夜，,應有統合處理之必要，併裁定合併審理及裁判，,得提起否認之訴，民法第1063條第12項定有明文。,在審理過程中見到伊從不打招呼，也與伊孝敬長輩仁慈個性不同，,又法院酌定未成年子女權利義務之行使負擔之內容及方法時，,民法第1084條第1116條之2第1119條分別定有明文。,且該院採用之DNA鑑定方法準確率極高，,是此，如妻所生子女之受胎期間係在夫妻婚姻關係存續中，,應按其等之需要，與負扶養義務者即乙甲之經濟能力及身分定之，,要求法院進行血緣鑑定，郭衣紜曾為此質問，,又伊提起否認子女之訴，非為推諉生父之養育責任，,名下登記財產有股票不動產等12筆，,並聲明：對於郭衣紜郭秝鈺權利義務之行使或負擔，,甲亦應將自己之電話住址即時通訊軟體帳號告知乙，,尚無足取，併此敘明。六次按法院得依請求或依職權，,始透過訴訟合法請求進行血緣鑑定，然經鑑定確認後，,如仍酌定由其等共同行使對於郭衣紜郭秝鈺之親權，,以簡訊通知乙是否於該週六依上開方式進行會面交往，,令伊無法釋懷。伊與乙固因訴訟爭執劇烈致感情破裂，,反有造成相互掣肘進而妨礙未成年子女利益之疑慮，,婚後育有未成年子女即反請求被告郭衣紜郭秝鈺，,及依職權酌定甲與郭衣紜郭秝鈺會面交往之方式及期間如附表所示。,身分證統一編號：Z000000000號）單獨任之。,伊即具狀撤回訴訟，卻為乙等所不同意，,甲與郭衣紜郭秝鈺會面交往之方式及期間如附表所示。,如一期逾期履行時，其後之六期均喪失期限利益。,甲則應自行或委託他人，於次日晚間7時30分間，,應於5日內以書面或簡訊通知。甲未得乙之書面同意，,民國00年00月00日生）郭秝鈺（女，,甲僅在醫院值班結束後偶爾協助照顧未成年子女，,且伊之財產價值僅為乙財產之百分之六十二，,性生活不睦，每季僅行房1次，乙竟仍能受孕產下郭衣紜郭秝鈺，,查甲對於郭衣紜郭秝鈺所負保護教養及扶養之義務，
12_01_deb8ea,均為被告所支付，子女的生活用品，大多為被告所購買等情置辯，,積極購買子女生活物品等，顯然被告係因臨訟作為，,以讓長女不致產生分離焦慮的情緒。在親職能力，,故LINE通訊內容，顯非民法第1052條離婚事由之證據。,如小孩有需要買嗎你領錢了，你先買等語推託而拒絕支付。,夫妻之一方以惡意遺棄他方在繼續狀態中，,目前長女與原告共同居住生活環境穩定無虞，,兩造就爭吵不斷，伊有向雙方說過，伊當兩造溝通的橋樑，,與被告吝對子女之養育，對原告侮辱性言詞及與異性暗通款曲，,且因原告母親吸菸沉迷電腦，顯非長女適宜之成長環境。,被告不顧已婚身分，時常假借工作之便，,四在兩造不離婚，為長女有完整家庭情況下，,其後六期之期間（含遲誤期）視為亦已到期，,叫我到他開的飲料店談，他也會騷擾我店內其他的同事，,未能達成協議，本院自應依原告請求酌定之。,經查：本件經依職權函請嘉義縣市政府訪視兩造及子女之結果，,仍藉此與其他女性有所交往並以曖昧言詞挑逗邀約交誼甚明，,此不可由原告已喪失維持婚姻意欲之主觀面加以認定，,不顧原告意願強迫與其發生性行為，如原告不從，,惟於105年5月26日本院言詞辯論期日，,請法院依兒童最佳利益最小傷害原則，,足見兩造在比較雙方家庭支持系統，與親自照顧之可能性，,並由被告親自購買離婚協議書，且請原告將離婚訴求書立雙方簽字，,貳原告主張：一兩造於民國103年1月3日結婚後，,然被告均拒為給付，並趁原告去其居處所時，,被告會在前面答應伊，嗣後會反反覆覆，,因僑嘉一街房屋在整修，保安路租金每月二萬元太貴，,依平均每人月消費支出區域分別調查報告，,自屬無據。二次按民法第1052條第2項規定，,本件被告除不願提供家庭生活費外，常有與異性不尋常之交往關係，,他就會用威脅的語氣跟我說要把小孩帶走，,詢問長女想吃什麼，長女拉著原告要一起外出，,難堪之至。為此，兩造原於104年12月28日簽訂離婚協議書，,而原告住處為獨棟三層樓房，由原告胞弟給付每月5000元房租，,寧願一人再繼續租屋等語，實屬無稽。,長女的健保費及數種商業保險皆由自己獨自支付，,原告尚非不能維持生活之程度。則揆諸首揭說明，,及在本院審理期間之勸諭，亦無法增進兩造之夫妻關係，,而且當初也是因為有小孩才結婚，雙方沒有感情基礎。,亦不讓長女由被告帶至被告家。在長女未出生前，
12_39_e4225c,依法並無不合，應予准許。三末按離婚之訴為形成之訴，,原告如違反前開探視時應行注意事項或未準時交還子女時，,嚴重侵害原告之人格尊嚴與人身安全，,顯已危及婚姻關係之維繫，足認原告已達被告不堪同居之虐待。,固酌定由被告任之，惟親子天性，天下皆同，,使未取得權利義務行使或負擔之一方，,不在此限；被告於訴之變更或追加無異議，,惟如協商不成，自仍應依上述規定行之。,至大年初五下午八時止，與兩造所生之子女丙甲及乙會面交往。,於暑假期間原告得於每週週日上午八時起至同日下午八時止，,一再以子女的生命要脅原告欲與之同歸於盡，,亦應以子女之最佳利益為考量，同時探視子女之規定，,（五）如丙甲及乙於會面交往中患病或遭遇事故，,核與判決結果無影響，不另論述。據上論結，,由於案父不顧家計且對案母經常施之語言暴力，,只要一不順從其意，即會暴怒而對著家人破口大罵，,縱令原告拒絕，被告卻仍以強迫原告必須配合，,非僅以經濟能力之強弱決定親權之誰屬。,核與原請求之基礎事實即關於兩造之離婚事由相牽連，,尤應注意下列事項：子女之年齡性別人數及健康情形。,惟兩造離婚後，對於兩造所生未成年子女權利義務之行使或負擔，,並試圖教3名子女學抽煙。被告情緒管控甚差，,即原告確已達不堪再與被告共同生活之程度；且兩造目前已分居，,均是原告及婆婆在扶養子女。且被告煙癮甚大，,收入十分不穩定，卻嗜好賭博，且在過去10多年的生活中，,訴訟標的依通說為形成權即離婚事由之存否，,如對本判決上訴，須於判決送達後20日之不變期間內，,被問及要與案父或案母同住時，。等情，,本件對於未成年子女權利義務之行使或負擔，,因其不僅是為父母之權利，更為未成子女之權利，,惟被告仍再度違反保護令，並經法院判處拘役在案。,原告並得接出同遊攜回。但兩造得自行協商調整適當之週期與期間，,爰依民法第1055條第5項之規定，,本件原告之訴，為有理由，依家事事件法第51條，,父母之一方是否有妨礙他方對未成年子女權利義務行使負擔之行為。,而為本案之言詞辯論者，視為同意變更或追加。,在彰化縣市路段號之萊爾富商店大方店，,故伊不同意離婚。伊是因子女事宜而與原告發生爭吵，,以上均足證被告確實不適任為三名未成年子女之監護人甚明，,有關探視會面權之行使應尊重其意願。
14_06_5daec5,加班頻率不多，評估聲請人之工作時間能配合案主們之生活作息。,恐再衍生糾紛。相對人並無另組家庭問題，,屬於聲請人名下所有。兩造於婚姻關係終止以後，,聲請人父女曾於相對人所有之汽車上對話，,認兩造具相當之經濟能力親職能力監護意願親屬支持系統，,亦涉不實。綜上，相對人在聲請人阻擾下，,每次出境約3至5日始返國，顯見相對人。,再生兒育女並非難事，聲請人已難再順利生育，,會談期間，聲請人會適切關注案主們之需求且予以回應，,並聲明：聲請駁回。聲請程序費用由聲請人負擔。,又因2名被監護人經歷兩造間離婚衝突過程，,得以電話書信或電子郵件等方式與黃日嶽黃品臻聯絡維繫情感，,復參酌兩造身分地位財產及經濟能力之程度，,經濟方面聲請人雖無相對人優渥，但聲請人，,基於嬰幼兒兒童較需母親陪伴照顧之天性，,同年9月因資格考出國，其餘時間不太需要出國，,而與相對人分居迄今等情，已據聲請人提出戶籍謄本為證，,並有103年度婚字第245號和解筆錄在卷可憑，,準用第41條第42條第1項之規定，,相對人年屆40，仍屬壯年，曾明確表示要另組家庭，,或陪黃可欣前往探視女兒與前夫所生之女，,已經很習慣有聲請人的陪伴，聲請人雖年收入僅有100多萬，,為有理由，逾此部分，為無理由，應予駁回。,但依前揭規定，其仍應負擔未成年子女之扶養費用，,次按，法院為前條裁判時，應依子女之最佳利益，,本院審酌未成年子女目前均居住於台北市，,經常口出不雅字詞，擔憂對2名被監護人不良影響，,探視方式尚屬合理。然案主們年齡尚屬稚齡，,兩造前復因探視未成年子女乙事屢生爭執，,完全係聲請人杜撰；另聲請人稱其難再生育云云，,相對人知悉2名被監護人之身心狀況，,期間由兩造參酌未成年子女黃日嶽黃品臻意見後協議訂之，,且聲請人指涉相對人有不適任之事由云云，,攜黃日獄黃品臻返家，但應於年初三下午6時前，,如一期遲延給付，其餘未給付者視為均已到期。,均為無中生有移花接木斷章取義手法，,僅需定期參加董事會。未成年子女黃日嶽有意願與相對人共同生活，,其認為聲請人及聲請人父母有侵占其資產情形，,再者，聲請人雖請求自103年9月17日起算之扶養費，,民法第1055條第5項已有明定。蓋父母子女為人倫至親，
14_31_f566a5,採收季節才會去市場販售，並非每天。,未成年子女如於會面交往中患病或遭遇事故，,法院為民法第一千零五十五條條裁判時，,並酌定與丙會面交往時間。聲請人大清早就帶丙去市場，,將未成年子女丙送回上開地點交付聲請人。,約定關於未成年子女丙權利義務之行使或負擔由兩造共同任之，,自己則跑去找人聊天喝酒，甚至視線看顧不到子女，,相對人未盡到為人母責任，又多次對於丙灌輸仇恨聲請人之觀念，,有人可以幫忙照顧，伊也可以在外租屋照顧，,聲請人也會不高興，甚至相對人買手機給子女，,七點才去學校等情（見本院卷第56頁），,聲請人稱未成年人丙自幼即由聲請人照顧，,會面交往時，遭相對人之異性友人（丙稱呼：阿伯）毆打罰跪，,除提出戶籍謄本調解筆錄照片3張等件為證外，,未戴安全帽自九如到高雄，而認對於丙有保護不週之情事，,相對人於探視當日上午12時前無正當理由仍未前往探視者，,均應依子女之最佳利益，審酌一切情狀，,以免影響聲請人及未成年人之生活安排。,與未成年子女丙會面交往，並得偕同出遊住宿，,無分軒輊。故而兩造在父母適性原則上，,其證詞反覆歧異，不足採酌為本案判斷之基礎。,例如：疏於照顧或對子女有暴力傾向等情事時，,經濟條件亦均足以擔負未成年人扶養所需，,惟相對人陳述希望增加會面交往時間，,兩造可協議得分割數次始末連續一次為之。,然衡其情由應僅係相對人一時心存僥倖便宜行事而已，,他方即得請求法院改定。惟無論在酌定或改定事件中，,又聲請人復指摘：丙與相對人會面交往時，,自不能僅憑聲請人片面指述即作為不利於相對人之判斷。,同時兼顧相對人與子女間親情維繫之必要，,應最符合丙之利益。又兩造雖均有正職，,綜合評估聲請人適於監護。未成年人：外觀與同齡孩童相仿，,兩造均應受上開家庭自治約定效力所拘束，,為保護該子女之權益，始許他方得請求法院改定，,兩造應遵守之規則：聲請人應於上揭探視時間，,應就兩造之職業經濟狀況監護能力及其子女之人數等一切情況，,（三）而查，聲請人指摘因丙曾說爸爸不是人，,聲請人也不肯讓子女接電話。相對人雖為外籍人士，,準此，聲請人指摘相對人不盡母責，亦無可盡信。,也不要讓相對人為之洗浴哺食，是因為聲請人不喜歡所致，
14_49_b098a7,併此敘明。本件係命被告按月給付未成年子女之扶養費，,繼之分居多時，致未能繼續經營和諧圓滿之婚姻生活等情。,如委任律師提起上訴者，應一併繳納上訴審裁判費。,縱其備極辛勞，甚或未向兩造請領褓姆之津貼，,老二的話基本上只看過12次，就是他接小孩回福德一路住處，,法院命分期給付者，得酌定遲誤一期履行時，,或命為相當之處分，並得訂定必要事項。,兩造都應一起分攤案主們的扶養費，減輕彼此的經濟負擔，,俾被告得培養與子女間之親情並維繫不墜。,則分別自寒假第3日暑假第10日起算，,則或許在有案外祖父母的支援下，案主們是可以獲得妥善的照顧，,即難以維持婚姻之事實，是否已達於倘處於同一境況，,違反夫妻忠誠義務，且對原告辱罵恐嚇，,老大剛出生時，我們較常一起出遊，老二出生後，,依協議由一方或雙方共同任之。未為協議或協議不成者，,故本院認兩造間之感情已嚴重破壞，難以繼續共同生活，,店面也經常有客人出入，安全性不高，,導致子女們無法於穩定之照顧環境下成長。,大部分都是我陪原告在家裏照顧小孩，,只能看出被告與第三人對話有使用寶貝等用語，,夫妻雙方均須負責時，應比較衡量雙方之有責程度，,期間由兩造協議定之；如不能達成協議，,且工作時間具備彈性，可以隨時出面替子女們處理事情，,以彌補其未能同時享有完整父母親情關愛之缺憾，,則是可優先裁判由被告一方擔任案主們之主要照顧者，,近來被告亦發現張睿宸經常感冒生病，,則2名未成年子女平時生活的環境，就是機車店，,兩造鮮少聯繫，參以原告婚後未盡子女照顧之責，,兩造在婚姻有遇到困難，我希望可以當兩造的和事佬，,而被告上班時間為早上9點至晚上67點，,按婚姻以夫妻之共同生活為目的，夫妻應以誠摯相愛為基礎，,前項給付，法院得依聲請或依職權，命為分期給付。,致兩造多次發生爭吵，感情因而不佳，,前項命給付扶養費之方法，法院得審酌一切情況，,訴訟費用由原告負擔。三經查：原告主張兩造為夫妻，,足認兩造確均對未成年子女二人十分疼愛，,酌定被告應於每月5日前給付，並酌定一期逾期不履行時，,原告會餵奶，老大老二都會，老大出生時，,尤其違反自己清白（cleanhands）之法理，,除之時間外，另分別增加7日及20日，
16_09_70b7df,那就公開等語（本院卷第34～35頁），,相對人稱他自己每月收入達15萬元之數，,徵詢兩造同意後選任許鶯珠諮商師擔任本件程序監理人，,即將分離的疑慮與恐懼，現在抗告人又揚言要求遷讓，,理由一抗告人甲（即原審相對人暨反請求聲請人，,而另1名子女則說（媽媽現在不疼你？）以前不會做的事，,現在都會做，最後於當日筆錄第12頁記載法官請兩造入庭，,即更應體認不得再以過去負面情緒，施加對方身上，,抗告人在101年3月16日固交出房屋土地權狀，,任由家事事件程序變為贏者全拿之博弈，,採取讓子女選邊站的方式甚為粗糙，抗告人在婚姻中的確受有委屈，,容有誤會，附此敘明。據上論結，本件抗告為無理由，,一再求全，抗告人才是願意真正體諒子女心意的人，,致使未成年子女夾在至親衝突中，左右為難，,則以未成年子女目前依附狀況，決定對其行使負擔親權之人，,原裁定記載桃園縣中壢市那個地址係抗告人娘家，,否則不啻限制取得親權之人於取得親權後，,要搬出去住可以，房子留下來，孩子留下來，,該名子女曾向法官說到我考1分也不會跟媽媽講，,俾使得子女得更自在地與雙方父母保持聯繫以維持親情，,資為抗辯：（一）現址現由相對人與2名未成年子女同住，,又，父母對未成年子女有保護教養及扶養義務，,實則兩造若能理性面對離婚之事實，共同承擔照顧子女之責，,較符合未成年子女之利益，但該現址房產其實係抗告人所有，,兩造業於101年11月20日和解離婚，,應依家事事件法第97條，非訟事件法第44條第46條，,對抗告人課以全部扶養費用責任，等於是在懲罰抗告人，,過了一會兒，被告回來並把權狀給我等語，,缺乏信賴基礎，兩造於歷經解消婚姻關係過程之不悅，,並非父或母所認在支付自己日常生活所需花費後，,相對人（指抗告人）是5點起來的等語，,兩造均未能思索子女均處於對父母忠誠議題之拉扯，,亦是為彌補未成年子女未能同時享有完整父母親情之缺憾，,分別請求父母就其應分擔部分給付。準此，,且相對人所付出之勞力心力非不能評價為扶養費之一部，,故認由父親即相對人行使或負擔本件2名未成年子女之權利義務，,且此種扶養義務為生活保持義務，並非生活扶助義務，,過程於1小時12分鐘，於該次法院訊問過程中，,兩造本人復無意願共同理性合作以行使負擔子女權利義務，,違反家事事件法及民法之精神。二相對人則以下列情詞，
17_10_3e66a0,為子女之利益酌定權利義務行使負擔之內容及方法，,在確定前尚不發生形成之執行力，故為免日後發生不必要爭議，,（你最後一次看到爸爸是何時？）一二年前。,相對人為獨資之窯滾天堂餐館負責人，,期間每月5日給付女方贍養費3萬元整，,惟依上述稅務資料可知其名下有價值不斐之不動產，,得向就其中一家事訴訟事件有管轄權之少年及家事法院合併請求，,而阿姨會有上述打我的情形，而且會給我課業的壓力，,一個月要繳2400元的學費，另有補主科及副科，,非訟事件法第21條第2項，民事訴訟法第95條第78條，,自無理由。本件聲請人就贍養費之請求，,依上揭規定，聲請人之追加及變更聲明，,準用第41條第42條第1項及第43條之規定。,並提出報告及建議，家事事件法第106條第1項亦定有明文。,（你目前除了日常生活費用及學費外，,三法院命給付家庭生活費扶養費或贍養費之負擔或分擔，,兩造隨於96年7月19日辦理離婚登記而離婚。,（平日有無與爸爸電話聯絡或接觸？）沒有。,相對人應自104年12月1日起至未成年子女宦予娗成年時止，,相對人卻未給付，且至104年11月止，,應探求當事人之真意，不得拘泥於所用之辭句。,如有一期遲未履行，其後之給付視為亦已到期。,及自104年11月17日起至清償日止，,為恐日後相對人有拒絕或拖延之情，而不利未成年子女之利益，,二民法第1057條規定夫妻無過失之一方，,惟本件確定扶養費數額之裁定，性質上屬具有執行力之形成裁定，,共同育有未成年子女宦予娗（女91年9月10日生）。,。從而，聲請人聲請將未成年子女宦予娗權利義務之行使或負擔，,又依系爭協議離婚書第2條約定，宦予娗應由兩造共同監護，,其扶養費用均由聲請人支出，相對人並未支付宦予娗之扶養費用。,然相對人並不因此免予負擔未成年子女宦予娗之扶養義務，,即相對人每月應負擔子女扶養費為1萬3333元，,聲請：聲請人應將未成年子女宦予娗交付相對人。,得酌定遲誤一期履行時，其後之期間視為亦已到期之範圍或條件。,均屬於法無據而不應准許。退步言之，,今暫以2萬元計，相對人開設餐廳，收入優渥，,有流血，而且我的臉上有很多阿姨抓我留下的指甲抓痕，,逕自帶走未成年子女宦予娗，剝奪相對人之親權，,固據提出交易明細為證，然為聲請人否認之，,男方絕無異議等內容，兩造所生之女宦予娗既由兩造共同扶養，
19_03_bcc100,認識聲請人以及結婚以後就沒有在做過這工作，,未成年子女意願之綜合評估：案主僅為三歲幼童，,自不能率予變更。查本件兩造既已離婚，,評估其工作穩定性高。聲請人的居住所穩定，,出入份子較為複雜，顯然不適合未成年人居住，,親權意願評估：而雖其曾有阻撓探視之行為，,並有充足的家庭支持系統，能提供受監護兒少無縫隙之照顧環境。,在能力範圍內，清楚劃分營業場所及住家空間。,且由未成年子女於第一次到庭時就本院之問話均無法回答，,附此敘明。五。從而聲請人之聲改定親權，,且願以一民主理性之態度，教導未成年人，,就居家環境部分，可知聲請人居住環境單純，,關於未成年子女權利義務之行使或負擔，,且有強烈意願，希望能基於未成年子女最佳利益考量，,然出入人口確較一般住家複雜，建議相對人應調整住所空間規劃，,喜歡爸爸，因為媽媽會打我的手，因為我不乖，,且由基金會訪視報告中，相對人之住所處仍持續營業，,亦足認未成年子女僅三歲餘，其心智能力尚未成熟，,亦顯示相對人未善盡照顧之責任。惟查，,於法洵屬無據，應予駁回。六依家事事件法第104條第3項，,其身體抵抗力及自我照顧能力本即較差，,並無未盡保護教養之義務或對未成年子女有不利之情事，,認識聲請人之前曾經有做過一兩個月而已，,彼此之間尚須更長之相處始能互相建立信賴及依附關係，,安全性高且鄰近學校，較相對人更能提供未成年人健全發展之環境，,與乙會面交往。聲請人對上開抗告裁定提出再抗告，,但卻無法具體說明其真正想法，建議兩造應學習正確之溝通技巧。,尚牽涉未成年子女個人體質或其他醫療方法上之問題，,故尚未安排案主就學，而觀察案主之生活範圍較小，,經最高法院以103年度台簡抗字第96號裁定再抗告駁回等情，,易堅持己見，需與其耐心溝通，且其會有眾多陳述，,就聲請人部分據覆略以：評估建議：聲請人過去對兒少照顧用心，,此由其於第一次到庭即在法庭內奔跑嬉戲，,有充足之家庭支持系統，能提供未成年人良好之照顧環境，,即不得遽行剝奪其親權而予以改定，合先敘明。,避免兩造出現影響案主之行為，造成案主壓力。,身分證統一編號：Z000000000號），,建議相對人可安排案主參與團體活動或是相關課程。,因為我覺得要先滿足小孩的基本權利，,經最高法院以103年度台簡抗字第96號裁定再抗告駁回。
19_30_c1ec30,（三）寒暑假時期（以長男學校行事曆為準，,又兩造各自主張長男之每月扶養費為1萬6000元2萬元等語，,有實際撫育子女成大長人的經驗，並取得合格託育資格，,爰裁定如主文第4項所示。又命給付未成年子女扶養費為非訟事件，,並合併請求楊明應自裁定確定之日起按月給付長男之扶養費，,其主要與母親同住，而與父親行會面交往，,則最近的一次會面交往延後1日結束；如為第二階段，,請求之基礎事實亦相牽連，鄭璇自得提出反聲請，,計畫在9月間與親友共同受托4名小孩，,住家位於基隆市信義區四季春社區內，,楊明應給付鄭璇關於長男之扶養費：非婚生子女經生父認領者，,如遇該週四長男有事難以配合（如須上課活動重大考試等等），,均由本人全職照顧，本人並有托育證照，,五會面交往方式接送地點及時間，經兩造同意後得變更之。,聲請程序費用新臺幣壹仟元由聲請人即反請求相對人負擔。,負扶養義務者有數人，而其親等同一時，,雖鄭璇稱本人對其及長男家暴，已聲請保護令，,若通知時間已逾下最所定最多40分鐘之延遲時間，,避免因週六日的會面交往須往返嘉義基隆兩地致舟車勞頓，,視為婚生子女。父母對於未成年之子女，,與負扶養義務者之經濟能力及身分定之。,希望從事小本生意來養育長男，親友也可幫忙照顧。,且本人與前夫所生的長子長女均可來幫忙照顧。,爰酌定楊明與長男會面交往方式及期間如附表所示。,分擔比例部分：雖楊明主張要尚有父親須扶養，,則於隔週之會面交往提前自週四開始至週日結束（增加1日），,自不得擔任親權人。又長男之每月扶養費應為2萬元，,不應受到干涉等語。本院審酌各學校均有其強調之辦學特色及校風，,房屋租金等費用係由楊明支付，考量日後經濟需求，,然前開事項，尚有諸多可以取代的方案，,每月扶養金額之認定：依前揭報告內容及兩造陳述，,不以鄭璇有無了解或得其同意為必要，,楊明擇定日期後應於該日之5日前通知鄭璇，,3房約30坪。因僅訪視楊明，無法評估由何人行使親權等語。,認應由鄭璇單獨負起對長男之監護責，,兩造並能負擔額外繳納每年保費約1萬8000元的商業保險，,然鄭璇尚有前段婚姻的子女可協助照顧，,此亦為家事事件法第第100條第124項所明定。,支援親屬又不同住難以即時照應，此與鄭璇之上開條件相較，,接送時間同平日（例如特別節日落在六月的第1週，
19_43_4bf2fd,婚後育有未成年子女甲。被告為電子公司業務員，,至被告簽證及探視部分，關於回臺簽證之指摘，,且被告因通姦而認領另一未成年之子沈意晴，,為有理由，逾此部分之請求則屬無據，,在大陸地區與其他女子發生合意性交行為，,並非如被告所稱皆無法照料甲。又原告家庭支援系統亦為充足，,扶養費用部份其希望相對人每月支應8000元。,因判決離婚而受有損害者，得向有過失之他方，,每次可辦3個月，不限次數，且被告簽證都是長簽，,安全性高，附近為學區，補習班及商店林立，,因反被證1有關榮總皮膚科發表日期為81年，,參加生日宴會，惟原告於北投隆美窗簾行擔任店員，,但被監護人目前正在成長階段，對於外在事物感受較為敏感，,並非如被告所言之置之不理。被告與他人通姦育有非婚生子女，,無法照顧甲，均將甲寄於其父母位於板橋江子翠檳榔攤照顧，,由夫妻各依其經濟能力家事勞動或其他情事分擔之。,皆為原告所負擔，被告主張原告不當得利，,原告工作時間彈性，能配合甲之作息，,原告與甲之相處時間著實減少，對原告之經濟亦將造成負擔，,使得被告家中的生態平衡遭破壞，造成被監護人受到影響，,提供良好環境供幼子成長。有關甲罹患白斑症部分，,偕未成年子女甲外出會面交往，並於當年大年初五下午7時前，,如委任律師提起上訴者，應一併繳納上訴審判決費。,自屬無據：甲自出生時起，原告即為甲投保兩份國泰人壽人身保險，,依協議由一方或雙方共同任之。未為協議或協議不成者，,對於未成年子女權利義務之行使或負擔，,每年寒假期間，被告得接回未成年子女同宿10日；暑假期間，,未來被告非婚生女到被告家一同居住後，,表示兩人要一起努力工作存錢購買房屋，,情感連結與緊密程度應較與被告非婚生子女之母親為佳，,爭取擔任親權人之意願與動機：照顧子女意願：非常高。,影響子女與父母親間之會面交往權利，,而原告之父母係在板橋工作，居住在桃園，,故聲請人妥協，但聲請人表示思念未成年子女之情甚重，,育有未成年子女甲（100年8月1日生）。,且須持續治療，其從小均於澎湖三總澎湖分院追蹤看診，,惟其支出之金額是否超過其應分擔之全部家庭費用，,交由被告與未成年子女甲外出或同住10日及20日，,照護環境評估：聲請人娘家人居住於聲請人大弟購買之房屋，,由被告任之。原告應給付被告386769元，
21_33_193ebb,被告願意以最大誠意請求原告返家，期待兩造能繼續共組和樂家庭，,原告主張被告脾氣不佳，遇有兩造爭執時即大吵大鬧外出喝酒，,於中華民國單數年（指中華民國103105107年，,七兩造均不得有危害子女身心健康之行為。,教育規劃評估：原告被告兩造皆願意盡力照顧與培養未成年人。,諸如最好接電話不然我找人陪葬如果不接電話，,民法第1055條第5項前段定有明文。,被告不願離婚，主張在婚姻存續的情況下，,其目的在使夫妻請求裁判離婚之事由較富彈性。,送即視為放棄該會由被告於該日上午10時至未成年面交往期間，,未成年人始會回應。未成年人的回應，,已如上述，則就其餘事由即無審酌之必要，,並使原告與未成年子女親子之情感不致疏離，,原告離家初期被告好言相勸，請求原告返家同住盡照顧家庭責任，,被告雖辯稱係因原告不接電話，伊情緒激動下才傳送上開訊息，,五其他非經學校師長之要求，原告不得私自赴學校探視子女，,訊息已讀不回手機不接，避不見面，被告情緒因而受到極大影響，,被告現住處在桃園市桃園區往蘆竹區的方向，,但其事由應由夫妻之一方負責者，僅他方得請求離婚，,如他造不在場，應將筆錄送達。訴之撤回，,俾未成年子女之心智得獲正常發展而言。,應依子女之最佳利益，審酌一切情狀，,是以兩造基於親子間之血緣關係及本於親子天性而生之親權，,且隨時可以傳真書信或其他電子郵件等方式與未成年子女為聯絡。,此外，原告願意扮演友善父母，期待可降低對未成年人的影響。,其時女送回至原所在處所。間由兩造協議定之。,致使原告心理壓力很大，且長期失眠。,原告願意扮演友善父母，被告則表示，,原告對被告之善意均置之不理而執意離婚。,被告則否認上情，並辯稱原告於106年5月27日擅自離家未歸，,須具備相當之經濟能力及健全之人格，,並於期滿日下午7時前將該子間為7日，,本院於民國107年1月4日言詞辯論終結，,自該期日起；其未於期日到場或係以書狀撤回者，,而委託親屬代為接送時，應預先知會被告。,經查，兩造所生之未成年子女之親權行使或負擔雖由被告任之，,兩造婚姻已有重大破綻，被告可歸責性較大，,如對本判決上訴，須於判決送達後20日內向本院提出上訴狀。,並由被告乙擔任主要照顧者。此外，建請法院參酌訪視報告，,再按原告於判決確定前，得撤回訴之全部或一部。
23_16_b39222,然在案主幼稚園下課後則需有同住的家人協助照顧，,伊下班回家就自己照顧甲。甲與伊公婆相處正常，,下逕稱甲），聲請人於99年10月1日認領甲為其女，,應使關係人有陳述意見之機會，家事事件法第106條訂有明文。,所以聲請人每天都會打電話來，若聲請人打電話來，,照顧計劃：兩造白天都有正職工作，而案主也正值就讀幼稚園年紀，,前開定期金給付遲誤一期履行者，其後之六期視為亦已到期。,另外，目前與未成年人同住之人，係為相對人結婚之夫家家族，,昀蒨跟我們住之後，暑假聲請人有十四天可以接回去照顧，,以善盡為人父或母養育子女之責。探視安排：案主年紀尚幼，,尤應注意下列事項：子女之年齡性別人數及健康情形。,聲請人則有固定與案主相處會面及過夜之時間，,平常是伊父親還有相對人送昀蒨去上學，,訪視報告皆為未成年子女監護權判決中相當重要之依據。,房子是伊母親的名字，購買房子時六樓就已經加蓋了，,伊一星期加班一到兩次。昀蒨接回來時，,剛開始來伊家的時候會有點陌生，但現在甲與伊公婆相處正常，,伊公婆與先生十個月的小孩住在五樓，,在兩造訴訟的二年期間，案主是固定與聲請人同住，,影響到小孩的課業，因為幼稚園有在上語文的課程。,對未成年人未來成長過程，勢必產生非常不好之影響。,準此，可知相對人又聲請人主張相對人現居住處所係屬違建，,綜合以上評估，聲請人極有心承攬監護及扶養案主之責任，,生活於如同不定時炸彈之環境中，絕非適任監護人之行為。,案主開始由相對人扶養，迄今逾10個月，,需要獲得兩造給予之父愛與母愛，建議兩造保持友善父母角色，,再者聲請人認為相對人讓案主居住在加蓋之房屋內，,是鋼筋水泥加蓋的，不是鐵皮屋，六樓與五樓有內梯相通，,沒有任何政府單位通知我們要處理六樓的問題，,且亦無對甲有未盡保護教養之情事。五綜上所述，,又訪視當天觀察案主分別在兩造處之行為表現情緒狀態等尚屬相當，,聲請人除已向監察院和相關機構提出申訴外，,然事實並非如此。事實為其公公於104年6月間因與相對人夫妻，,民法第1065條第1項前段及第1069條之1分別定有明文。,相對人自聲請人受胎生育未成年子女甲（民國00年00月0日生，,民事訴訟法第95條第78條，裁定如主文。,五六樓有內梯，外面也有外梯可以到達六樓，,聲請人自己解釋六日不算在內，所以延後了四天才把小孩送回來，,未成年人與相對人之公婆少交談，亦無過多的接觸。,有未盡保護教養義務或有對未成年子女不利之情事者為限，
23_32_80786d,兩造不得有危害未成年子女身心健康之行為。,家事事件法第107條第1項規範明確。,亦即，數家事非訟事件之基礎事實相牽連者，,白天上班，可以充分照顧子女，子女目前亦均與伊同住，,甲得依民法第1055條第5項但書之規定，,此等家事非訟事件之基礎事實均相牽連，,將來乙可能會拒付扶養費，兩造目前就子女之保險費亦已有所爭執，,伊的情緒就崩潰了，其後，伊就在住處房間，,未成年子女莊芷紜莊翔鈞目前與乙同住生活。,對於未成年子女權利義務之行使或負擔，,也會去舅舅家跟表兄弟姊妹玩耍，至於祖母已呈植物人狀態，,如有遲誤一期履行，當期以後之一至六期之給付視為亦已到期。,乙於106年1月12日發生系爭自殘事件，,當期以後之給付視為全部到期。乙之反聲請駁回。,得徵詢主管機關或社會福利機構之意見請其進行訪視或調查，,其，，等情，經訪視評估，認為，，又，,期能穩定成長，爰併予諭知如一期逾期不履行，,應於五日內通知對造，不得無正當理由拖延隱瞞。,且父母對於未成年子女之扶養義務，不因離婚而受影響，,照護扶養未成年子女，乙反聲請甲應按月給付未成年子女之扶養費，,故有併為請求乙按月給付扶養費之必要，,依同法第74條規定，應適用家事非訟程序。,先前曾經檢驗出罹患癌症，雖目前已呈陰性反應，,亦得增加或變更會面交往之期間與方式。,相對人乙應自本裁定確定之日起，至未成年子女莊翔鈞成年之日止，,依最少變動原則，希望能與甲共同監護子女，,其等會與外祖母觀賞電視，討論劇情發展，,本院認兩造所議定之上開數額及以1：1之比例平均分擔，,要求甲應按月給付莊芷紜與莊翔鈞之扶養費各7753元予伊。,與叔叔則鮮少互動，又其等曾經聽聞兩造爭吵摔酒瓶的聲音，,各至未成年子女莊芷紜莊翔鈞成年之日止，,可能是因為甲或小孩講了伊不想聽的話，,甲為大學畢業，曾任安親班老師，現在工廠擔任顧台員，,性質上為定期金之給付，是本院認甲請求乙應自本裁定確定之日起，,令伊身心俱疲，子女亦飽受驚嚇，兩造自同年2月間開始分居，,尤應注意下列事項：子女之年齡性別人數及健康情形。,可見乙在面對家庭衝突糾紛照護母親與未成年子女之高壓狀況時，,除經甲或莊芷紜莊翔鈞同意外，視同放棄該次探視照顧同住權，,事後不得要求補足該探視時間。除上開至所載內容外，,乙則為高職畢業，曾任業務工作，現在工廠擔任顧台員兼倉管，
24_24_3a09c7,為彼等所不爭執，另有相關人戶籍謄本影本存卷可稽，,為此依民法第1001條第1084條第2項規定，,反請求原告並成為其主要照顧之人，另審酌兩造情感已逝，,反請求被告仍無視反請求原告所釋善意予以拒絕，,已承受精神上不可忍受之痛苦，致不堪繼續同居。,且就此一情事之發生，反請求被告以上非是之處理應負起主要責任。,是往後若允由兩造共同行使子女親權，,2反請求原告應將徐子玹交付反請求被告以行使權利負擔義務。,反請求原告自應對此一結果負有主動積極修補之義務，,你阿才是個變態不是嗎之簡訊予反請求原告，,並說又沒有叫她回來，所以伊認為反請求原告是被趕回來的。,得向就其中一家事訴訟事件有管轄權之少年及家事法院合併請求，,兩造已無法再共同生活，婚姻發生破綻而無維持之可能，,繼請求酌定徐子玹之親權行使者與給付扶養費，,兩造結合基礎從此已存裂痕，其後反請求被告施予之恐嚇家暴舉措，,也能明確的陳述與案主實際的互動內容及對案主的照顧經驗，,再扶養之程度，應按受扶養權利者之需要，,且反請求原告與徐子玹係經趕離大同北路住處，,雙方分居之後反請求被告更無破冰重圓有效作為，,又豈可主張反請求被告未經同意私自帶走兩造子女。,酌定反請求被告得與徐子玹進行會面交往之方式與時間如附表所示。,藉符子女之最佳利益。六反請求原告如能取得行使徐子玹親權資格，,反請求原告懂得與家人配合共同照顧案主，,終造成婚姻關係之重大嫌隙與難挽破綻，,並參酌兩造提出之個人生活狀況及爭取子女監護意願等情，,（三）父母之年齡職業品行健康情形經濟能力及生活狀況。,徐子玹與反請求被告過年，其餘春節期間與反請求原告過年。,為有理由，應予准許，逾此數額之請求，,並說是因跟反請求被告吵架，反請求被告趕她回來，,原應出於夫妻雙方之情感及信賴等交流關係，,初期即便反請求被告曾前去要求再續夫妻情誼，,凡此均經本院調取104年度家護字第343號案卷核對無誤，,之後反請求原告騎摩托車載小孩回來，,下個禮拜就讓你哭哭坦率一點，一翻兩瞪眼，,又父母對於未成年之子女之扶養義務，,向本院提出上訴狀。如委任律師提起上訴者，,本件對於兩造所生未成年子女徐子玹權利義務之行使或負擔，,且反請求被告102103年均無薪資所得紀錄，,三兩造對於上開會面交往方式及期間均得自行協議更為調整。,如案主裁定由反請求原告監護，反請求被告必須支付案主在養費，
26_33_03418c,本院綜合上情，認為未成年子女甲乙權利義務之行使或負擔，,而其親等同一時，應各依其經濟能力分擔義務，,並撤回訴訟，嗣後被告未依承諾給付5萬元之生活費，,轉到病房時，父親曾硬拉母親，並說走，,2查兩造於婚姻關係存續期間育有未成年子女甲乙，,致兩造婚姻破綻益形加深，兩造非均無可歸責之處。,應由原告單獨任之，較符合未成年子女之最佳利益，,為被告否認，並以前揭情詞置辯；查，,更表示要讓被告在軍中無法生存，但實際上，,等文句見本卷第37頁，上開事證參互勾稽以觀，,有時是被告單獨帶子女用餐，何來家暴之實，,依民法第1084條第2項第1114條第1116條之2規定，,業如前述，且兩造於本件審理終結前，,其是在與原告賭氣云云；查被告就書立系爭保證書之真意，,在下，建議未成年子女甲乙之權利義務行使或負擔，,兩造所生未成年子女權利義務之行使及負擔，,而婚姻是否已生破綻無回復之希望，則應依客觀之標準，,依其情形，任何人倘處於同一地位時，,均屬不實，蓋原告為成年人，倘真有心捏掐孩童，,亦未能察覺自己言行舉止對婚姻家庭關係之影響，,兩造婚後生活經常發生齟齬，致夫妻情感日趨薄弱，,原告依民法第1052條第2項規定請求離婚，,應依子女之最佳利益，審酌一切情狀，,尚難認被告所辯屬實。再按夫妻之住所，,雖然因勞動經濟條件等因素，男性通常在外工作，,父母之一方是否有妨礙他方對未成年子女權利義務行使負擔之行為。,茲縱被告現要求原告搬至其住處同居，,顯少有人會完整記錄每日之生活支出或留存相關單據以供存查，,曾對母親摔過碗，還踢家裡的門電風扇；弟弟拔插頭的時候，,貳實體方面：一原告主張：一兩造於民國88年10月10日結婚，,子女均習慣由原告及其父母接送，故未得原告同意，,更故意挑撥兩造感情，唆使原告與被告離婚，,而婚姻係以夫妻之共同生活為目的，配偶應互信互賴相互協力，,問心無愧，也愛家人，希望能盡快平息風波，,2原告主張被告以發生性行為作為給付未成年子女生活費之對價，,達不堪同居之程度，且被告對原告除性需求外，,對於未成年子女未為協議由一方或雙方共同任親權人，,依法仍負有扶養義務，是原告請求被告負擔未成年子女之扶養費，,父子親情亦無法抹殺，近一年來，兩造多次攜同子女用餐，,母親按擴音，伊聽到父親說：你要跟我作愛，
27_26_2d2d3d,非訟事件法第24條第1項，裁定如主文。,協助其等遵守及建立良好之生活常規，,嗣兩造於98年6月12日協議離婚，,相對人未尊重甲的意願，且影響聲請人對甲的探視權等情，,原本預定是今年十月初要過去巴西目前這個計畫要往後延宕，,（問：想不想要跟爸爸同住？）想。（問：爸爸要去巴西，,賦予自由表明自己意思或為決定的權利，,竟執意帶著甲移民巴西，甲現年十一歲再過幾年就是叛逆期，,等語（見本院103年9月12日訊問筆錄）。,民法第1055條第3項第1055條之1分別定有明文。,本院認為宜先將之交由兩造自行協調，,於法庭內外，以適當方式，曉諭裁判結果之影響，,四經查：聲請人主張與相對人原為夫妻，,相對人出國移民後未成年人甲應與聲請人共同生活，,自應予尊重。本院依上述調查及訪視結果綜合審酌，,更不考慮聲請人對甲的探視權之行使，,相對人自身曾至巴西長達九個月，對於甲有疏於照顧情事，,我在100年去過一次那次去了三個禮拜去年去了九個多月，,並約定未成年子女甲權利義務之行使或負擔由相對人任之，,倘若相對人有情緒問題聲請人為何將甲與乙均交由相對人照顧至今，,育有未成年子女甲（男，92年9月6日生）乙，,引導其等進入正常之學習環境及軌道，,故法院依法為兒童酌定或改定適當之監護人之時，,並保護兒童之權利。本件未成年人甲為滿11歲之人，,即直接將甲與乙接回住處致相對人經常到安親班接不到子女而擔心，,還恐嚇甲不能對外講及不能出房門且相對人會限制甲來找聲請人，,有兩造之離婚協議書附卷可稽，並為兩造所不爭執，,在小學就學階段，保障受監護人就學之完整性等語，,業據相對人到庭陳稱：（問：是否有確定要移民）是，,慮及，並依子女意思尊重原則及父母直接照顧原則，,你知道嗎？）知道。（問：會想要跟爸爸一起去？）不要。,等語明確（見本院103年9月12日訊問筆錄），,（問：爸爸對你好嗎？）好。（問：喜歡爸爸嗎？）喜歡。,亟需家人陪伴，若移民巴西後適應不良，,以尊重兒童之自己決定，始能實現兒童自己決定利益，,長久以來與未成年子女甲乙情感依附關係強烈，,併此敘明。五依家事事件法第97條第104條第3項，,請求法院改定之；法院為前條裁判時，,以達至多方之共識。，故建議尊重受監護人之意願，,我與現任的妻子有生小孩，是透過小女兒以依親方式移民巴西，
27_30_9ab915,參諸前開說明可知，倘貿然變更王宥珽之生長環境，,這件事就是偷竊。原告：我如果真的那麼愛錢，,別幻想了，講出來都是事實，從妳哥死亡，,於103年2月16日一家三口尚一同至橋頭糖廠遊玩。,即非被告所能控制。又張基成校長委託證人丁居中協調，,均係原告個人感受並誇大不實指控被告原告主張被告有大男人主義，,況依醫學常規，產婦需觀察陣痛之頻率及痛感，,又依前述關於兩造離婚事由，兩造關係短期內難平復，,或係倒果為因，倘原告因被告無法按原告意願做事，,父母雙方相同重要，此乃子女對父母自然親情之流露。,退步言之，縱認兩造間婚姻已破裂且無可維持，,無助兒少身心發展。由於兩造都很盡心照顧兒少，,本院於民國105年5月3日言詞辯論終結，,共同維護子女之最大利益，本院依目前情狀，,妳們全家只會惹來更多人責罵別再造口業了，,較合於子女最佳利益，併此敘明。九綜上所述，,企圖使王宥珽對原告產生敵意建立王宥珽與原告敵對關係，,姑不論其事實真偽，然亦可證兩造在生活習慣價值觀均有差異，,各項事宜均認為原告應遵循被告意見，,被告亦無四樓房間之鑰匙，被告親人不可能隨意打擾兩造的生活，,反認同其父親觀念，一味要求原告接受與認同，,勢必造成兒少心理上的不安全感，對兒少而言終究是傷害，,是原告內心受有相當程度之痛苦，當可認定。,原告：照這個邏輯，珽珽是我把他生出來的，,益徵經常變更王宥珽之生長環境，實有害於王宥珽，,承諾原告之事會盡力完成，並陳明其擔憂原告及長子狀況，,另原告稱其同事友人詢問兩造婚姻進展，,我就很訝異，下午的時候我就打電話給原告，,方符合最小變動原則及子女最佳利益。,妳也沒機會參與。原告：跟他說，我會收好，,王宥珽出生後即在被告家中生活，主要照顧者亦為被告及被告家人，,顯難以此謂被告有不妥之處。六原告孕期或長子所需購置之物品，,甲應隨時通知戊。又戊於行使探視權時，,即應認有難以維持婚姻之重大事由存在。,原告晚間生產時，被告甚至不願同意原告施打減痛分娩針，,被告亦不願開車搭載原告返回娘家取回機車；原告某次產檢大雨，,四兩造分居後乃至本件訴訟中，被告仍秉其父權主義性格，,這東西妳後來回家拿的。原告：爸媽管他們自己的錢，,感到其人身安全及隱私受到威脅，方有詢問吳婉儂姓名之行為，,被告因而感到自身及家人所為言語行為之真意遭人曲解，
29_01_8896cb,並規劃於23歲時送幼兒園，（見本院卷第53頁）。,與長女之年紀就學狀況及居住區域之物價相較後，,未能達成協議，本院自應依聲請酌定之。,僅每月返回探視長女，對長女照顧情況較不清楚，,長女每月扶養費為2萬5000元（見本院卷第20頁反面），,定其權利義務之行使或負擔由聲請人任之，,惟該處已裝設冷暖氣機，聲請人並陳明若有缺欠將另行改善等語，,又因按月給付之金額不高，為恐日後相對人有拒絕或拖延之情形，,相對人目前獨居於新北市三峽區，平時多以工作為主，,下稱長女）權利義務之行使及負擔，應由何人行使未有共識，,聲請人每日皆會前往探視，已有良好依附關係，,父母之一方是否有妨礙他方對未成年子女權利義務行使負擔之行為。,較符合子女之最佳利益。（三）兩造分居至少1年，,二相對人則以：相對人計畫先將長女帶由在臺南的親戚照顧，,依協議由一方或雙方共同任之。未為協議或協議不成者，,前項命給付扶養費之方法，準用第99條至第103條規定，,此亦為家事事件法第第100條第124項所明定。,並應繳納抗告費新臺幣1000元整。,如主文第2項所示。五本件事證已臻明確，,評估相對人欠缺親職時間，相對人有因考量自身獨居於新北市就業，,法院為前項裁判時，應依子女之最佳利益，,自應共同分擔，而兩造已達成倘法院判准兩造離婚，,認長女權利義務之行使或負擔由聲請人單獨任之，,將安排長女於尚未就學期間至臺南市白河區之3名相對人姊姊同住，,育有長女，兩造於104年10月21日經上開調解離婚成立，,家事事件法第107條第2項亦有明文。,兩造可以自行協調等語（見本院卷第39頁反面），,四綜上所述，依兩造所生長女之最佳利益為審酌，,不利於未成年子女之利益，併依上揭法文規定，,且子女扶養費之給付方法，應準用上開規定，,必要時並得命提出擔保。法院命給付定期金者，,又長女每月保母費用為2萬2000元一節，,且經酌定對於未成年長女權利義務之行使或負擔由聲請人任之，,（四）扶養費部分：父母對於未成年之子女，,定其給付之方法，不受聲請人聲明之拘束。,分別定有明文。兩造經調解離婚，對於長女之權利義務行使或負擔，,酌定由聲請人任之。相對人應自本裁定確定之日起，,三法院之判斷：（一）兩造於99年11月15日結婚，,至未成年長女高年滿二十歲之日止，於每月五日前，,相對人應負擔之扶養費應為多少適當？扶養之程度，
32_12_d7817d,自述收支可以平衡；綜上，本會親職時間評估：就聲請人之陳述，,對於會面交往方面態度理性。教育規劃評估：聲請人表示，,並由聲請人擔負起保護教養責任，已如前述。,（參見卷附未成年子女受意願訪視報告），,會再另尋租屋處，但會選擇在臺中市區的地方。,又相對人到庭固不同意改由聲請人擔任未成年子女們之親權人，,會擔心聲請人之男友不照顧未成年子女們，,未成年子女們亦可至相對人母親家會面，,四肢健全活動自如，也可正常與本會社工對談，,故相對人之母能夠協助照顧未成年子女們。,故自兩造離婚後，未成年子女均係與聲請人同住，,兩造離婚後約定由相對人單獨行使未成年子女們之親權，,亦有家屬可從旁協助，是為未成年子女甲乙之最佳利益計，,未有其他遺傳慢性或精神方面之疾病，,如對本裁定抗告，須於裁定送達後10日之不變期間內，,此點顯未與目前之主要照顧者即聲請人為商量，,聲請人隨時都可以前來探視未成年子女們，,保全收入約為3萬初。相對人自述，目前名下無任何債務，,並由聲請人獨自照護，彼此感情良好，,而聲請人則有固定工作，且與未成年子女們同住，,保全工作月休6天，餐飲幹部每月收入約1萬7千元，,且聲請人從事房務工作，身體健康，有經濟能力，,本院認關於兩造所生未成年子女甲乙之權利義務行使或負擔，,相對人亦自述每月也會回到南投探視未成年子女3至4次，,尤應注意下列事項：子女之年齡性別人數及健康情形。,目前聲請人家亦有世界展望會固定提供相關協助，,均改定由聲請人任之。程序費用新臺幣壹仟元由相對人負擔。,下午2點至6點從事餐飲幹部，該職業已從事約5年，,依協議由一方或雙方共同任之。未為協議或協議不成者，,可認未成年子女權利義務之行使或負擔由相對人任之自屬不利。,而就經濟方面，相對人目前從事2份工作，,親權意願評估：目前聲請人由於擔任未成年子女們之實際照顧者，,因聲請人目前有男友，如聲請人行使未成年子女們之親權，,且有計畫攜未成年子女們至臺中就讀國中，,故未成年子女甲乙皆係與聲請人同住於南投縣鄉巷000號處。,非訟事件法第24條第1項，裁定如主文。,請其進行訪視或調查，並提出報告及建議，,綜兩造於離婚後針對照顧部分有若干協議，,父母之一方是否有妨礙他方對未成年子女權利義務行使負擔之行為。,相對人很少打電話關心伊等等語屬實。
32_19_9bc21f,母為主要照顧者，既經兩造協議在案，,四本件抗告人主張兩造婚後育有未成年子女甲乙，,但其會面交往有妨害子女之利益者，法院得依請求或依職權變更之。,乙之扶養權則由抗告人負擔，並與抗告人同住等情，,有賴父母共同協力為之，兩造仍須秉持友善父母原則，,而另就抗告人主張相對人濫用監護權，,乙之扶養照顧由伊負擔，並與伊同住。,抗告程序費用由抗告人負擔。理由一本件抗告意旨：兩造原為夫妻，,況相對人確實不斷自恃為乙之行使親權人，,況兩造同住高雄市大樹區，接送互動及討論教養等事務至為便利，,不斷干擾抗告人之事證，抗告人僅表示有關訊息在舊手機中，,可見相對人並無不適任親權人之處，亦未見其未盡保護教養之責。,方能盡其父母之角色與功能。因此，本院以為父為監護權人，,原裁定駁回伊改定監護之聲請，顯有違誤，,改定由抗告人任之。二相對人則以：伊不同意抗告人的請求等語。,建議兩造維持調解筆錄之協議等語，有家事事件調查報告為憑，,為子女之利益酌定權利義務行使負擔之內容及方法。,同意由相對人行使乙之權利義務，伊並非不願行使乙之權利義務，,約定甲及乙權利義務之行使或負擔均由相對人任之，,為此提起抗告等語，並聲明：原裁定廢棄。,堪認對於未成年子女權利義務之行使或負擔，,尤應注意左列事項：一子女之年齡性別人數及健康情形。,然該請求業經本院駁回，相對人未再抗告而確定，,耐心溝通，使教養理念及管教方式趨於一致，,本於繼續穩定暨父母自主之原則，查無改定監護權人之事由。,動輒主張伊照顧不周，要將乙帶回，干擾伊與乙之平靜生活，,六本院參酌上開訪視調查報告及本院審理結果，,本院管轄之第二審合議庭，裁定如下：主文抗告駁回。,請求法院改定之。前三項情形，法院得依請求或依職權，,再為抗告應以適用法規顯有錯誤為理由，,然伊係因為免訟累及傷害未成年子女始勉為其難，,可知兩造間衝突已有相當程度之緩和，,有原審卷附戶籍謄本調解筆錄等件為憑，,亦會為未成年子女負責，該名未成年子女等同有兩造給予之保障，,復有促進父母友善溝通教養，並學習成為合作父母之契機，,並育有未成年子女甲及乙（女，民國000年0月00日生，,又兩造目前鮮少直接聯繫，交付子女均由相對人之母出面，,身分證統一編號：Z000000000號），,且乙將就讀小學，若仍由相對人行使權利義務恐衍生諸多不便，,其來有自，並非毫無緣由。況於本院駁回其聲請後，
34_40_999263,依其陳述內容足以知悉，渠等於教養子女張芯瑀時，,復加以兩人相處之磨合變動，相互配合等需求，,自可供我國法在解釋適用上參考之用，,如雙方前已就未成年子女之親權已有約定或裁判，,相對人於社工訪視時雖主張其月收入約為6萬餘元，,三聲請人自行負擔會面探視期間之費用。,按前揭增加之日數，與張芯瑀會面交往，,倘有變動時亦同。，藉故降低聲請人對子女張芯瑀之探視頻率，,並不允許他方以其較有利子女為由而聲請改定親權，,欲行協調寒假及過年期間與子女張芯瑀會面交往期日，,爾後因案母結交異性友人，案父即開始違反先前之約定。,若長此以往，子女張芯瑀將對聲請人產生不良觀感，,是相對人之習慣，將嚴重影響子女張芯瑀之身體健康及心智發展。,相對人當然樂見聲請人替子女張芯瑀的未來規劃，,為子女之利益酌定權利義務行使負擔之內容及方法。,於兩造協議離婚後，更將其親權委由其父母為之。,未能盡其共同照護聲請人及其幼女之責。,親權人應親力親為，除有不得已情形，,七於105年本件1月8日本件審理期日中訊問子女張芯瑀過程，,現今子女張芯瑀之生活，實以對張芯瑀最有利之方式進行中。,且需柱拐杖始能順利行走；另相對人之父有心肌梗塞病史，,除經相對人同意外，視同放棄當日之探視權，,二關於與未成年子女會面交往部分再按，,始符未成年子女之最佳利益，已如前述，,得以電話書信電子郵件傳真即時通訊軟體等方式與張芯瑀交往。,具體期間於張芯瑀就讀之學校結業或畢業當日起算後第三日，,手足不分離原則（兄弟姐妹由同一親權人為身體照護較佳），,相對人長期委由其父母代為照料子女張芯瑀，,迫於無奈下，遂同意相對人提出之離婚條件，,維繫親子情感，聲請人可充分表現對於未成年子女強烈之照顧意願，,4聲請人陳稱相對人有向子女張芯瑀灌輸聲請人有拋家棄子等內容，,故相對人於平日工作下班前無法陪伴子女張芯瑀情形下，,此狀態持續至104年，聲請人每回欲依約前往探視或接回同住，,這些話是媽媽教的。社工觀察案母與案主互動情形，,故由相對人繼續行使監護權顯較有利。,以避免子女監護問題隨時處於不穩定狀況而不利子女之成長。,對於未成年子女權利義務之行使或負擔，,通常可獲得較高之報酬，並增加視野見識，,自應以未成年子女之最佳利益為考量。,不僅為未行使親權之父或母之權利，更為未成年子女之權利，
34_42_8c6717,然顯與目前未成年子女們之需求及期待脫節，,該會認為，兩造目前部分能力皆有所限制，,被告並無法明確瞭解行使負擔親權之意義，,但原告自認目前其親友所提供之情感支援尚屬適切，,有前揭戶籍謄本可憑，是以本件判決離婚之事由，,只要未成年子女們有能力養活自己就好，,故經濟部分兩造皆較有限；在支持系統部分，,故評估現階段兩造皆有行使親權之能力。,均由原告任之。訴訟費用由被告負擔。,故評估兩造目前皆具照顧未成年子女們之適切身心能力。,故對於未成年子女們之各項需求，兩造皆應尚可負擔，,亦不希望未成年子女們成為社會之負擔，,法院除得參考社工人員之訪視報告或家事調查官之調查報告外，,期間亦未支付家庭費用，而委由原告一人獨力承擔，,亦會以幹你娘臭雞巴等三字經辱罵原告，,配偶應互信互賴相互協力，以保持共同生活之圓滿安全及幸福，,即便於路上遇見未成年子女們亦視而不見不為聞問。,嗣並取得我國國籍。原告婚後為維持家中生計而外出擺攤，,嗣後取得我國國籍等情，業據其提出戶籍謄本3件為證，,其未來扮演友善父母之可能性恐較欠缺。,且有言語暴力之情，為未成年子女甲乙丙之最佳利益，,民法第1055條第1項定有明文；又法院為前條裁判時，,查本件被告婚後屢以三字經辱罵原告，,未來亦較難執行，考量目前原告為未成年子女們事務之實際負擔者，,亦無剩菜飯可食，冬天也無熱水可用等語置辯。,二陳述：被告並無辱罵恐嚇或毆打過原告，,向本院提出上訴狀。如委任律師提起上訴者，,如對本判決上訴，須於判決送達後20日之不變期間內，,親職時間評估：未成年子女們目前分別為19歲及18歲，,並於未成年子女面前為之，嚴重侵害貶抑原告人格尊嚴，,親權意願評估：原告考量過去難與被告溝通配合，,兩造其餘攻擊防禦方法及證據，核與判決之結果不生影響，,原告對未成年子女們之各項生活就學事宜亦可掌握，,親權之建議及理由：就該會訪視後瞭解，,其皆可尊重未成年子女們之各項意願，,二未成年子女權利義務之行使或負擔部分：按夫妻離婚者，,客觀上亦無維持婚姻之事實，足認兩造婚姻已生破綻且無回復之望。,收入供一家生活所用。然被告不僅不學無術，,已為兩造所不爭執，復據上開證人乙丙甲到庭證述無訛，,通風性一般，但整體室內環境整潔舒適，
35_00_dce26f,惟上開證物出處來源不明，且為影本，,作為家用所需現金及兩張信用卡費用，,原告提出之上開電子郵件紀錄，被告固否認同意原告瀏覽存取，,且侵害原告對未成年子女保護教養之權利，,本件兩造婚姻在客觀上未達動搖夫妻之共同生活，,故為免產生訴訟之延滯，及妨害他造之訴訟防禦，,查原告於105年1月15日起訴請求離婚等，,又本件係命原告按月給付未成年子女之扶養費，,且兩造復無不能同居之正當理由或法律另有規定之情況，,與子女間情感依附關係緊密，母子女互動關係良好，,應認被告提起反請求，其程序不合法，,原告發現被告外遇情事後，大受打擊，,惟核諸原告取證過程並無關乎公權力之行使，,且與兩造皆培養正向依附關係，兩名未成年子女無受不當照顧情形。,其後之四期喪失期限利益，以維未成年子女之利益，,此規定依家事事件法第51條，於家事訴訟事件之反請求亦準用之。,原告目前任職於製造業公司經理，月入約四五萬元，,原告與該女子親密出遊出國，並在大陸同居。,若有機會將帶子女出國，且近日更發生被告未經原告同意，,應按月給付被告關於未成年子女紀怡怡紀名洋之扶養費，,任令婚姻持續惡化。再兩造分居已多年，,難以維持婚姻者，夫妻之一方得請求離婚。,本院審酌兩造所陳及前揭訪視報告意見，,被告所涉與訴外男子曖昧挑逗等行為，,且接受目前兩造生活照顧規劃，考量未成年子女身心狀況，,由原告與兩名子女進行會面交往。是原告本件聲請，,取走紀怡怡紀名洋之臺灣護照，並電話告知原告，,再依民法第1052條第2項之規定，,又為督促原告履行，懇請鈞院命分期給付，,再105年度家親聲字第51號事件雖繫屬於本院在前，,係為求公允而設，故難以維持婚姻之重大事由，,據覆略以：綜合評估：親權能力評估：兩造自述身體狀況皆良好，,有該判決在卷可稽（見乙卷四第196至200頁），,104年度平均每人月消費支出為20315元。,顯非適任之監護人。兩造婚姻向稱圓滿，,但與被告共同生活，由被告擔任主要照顧者，,如驟然變動其生活環境，恐使其身心無從於穩定之環境中成長發展。,命為一次給付分期給付或給付定期金，,然證人即兩造之女紀怡怡到庭證稱：父母因感情不睦已分居好幾年，,並由聲請人擔任主要照顧者，且列舉需雙方同意之事項。
37_33_456dc5,是否瞭解？，並無涉及高深之法律素養，,並表示意見，對卷內資料也請兩造自行閱覽表示意見，,求予廢棄改判，為無理由，應予駁回。,現年分別為4歲2歲，有其等之戶籍謄本在卷可稽。,家庭成員尚有兄長夫妻及其2名子女，,為免甲乙突然離開熟悉之主要照顧者及環境，,亦與他人互相輪班之工作，則相對人上班時間僵硬生活作息不正常，,難謂合於友善父母原則云云，不足憑採。,還有兄嫂可幫忙照顧，抗告人之父系支援系統充足，,實難讓人折服，亦有調查證據未完備之違誤。,但孩子是無辜的。訪員認為對年幼不解案情的子女不公平，,僅係戶籍相同而已，故抗告人此部分主張顯為臨訟杜撰之詞，,顯係緣木求魚，如讓兩造相互掣肘或意氣用事，,顯優於相對人，原裁定亦有違誤云云，,非訟事件法第21條第2項第46條，,理由是當天我請家長過去跟他們的家長協調，,然相對人所聘保姆為姑姑，此為抗告人所明知，,實不足採。何況此為現今社會正常現象，,倘酌定由兩造共同行使子女親權，期待兩造能理性溝通協調，,認事用法俱屬妥適，抗告意旨仍執陳詞指摘原裁定不當，,著實傷痛抗告人的心。既然抗告人欲探視甲乙，,顯不足採。聲明：抗告駁回。四按夫妻離婚者，,就甲乙之實際付出及依附關係之建立均以相對人較優，,較符合該未成年子女之最佳利益，核無不合。,幾乎不出門，沒有積極經營家人關係。,理由如下：以聲請人的親權能力照顧經驗及家庭支持系統，,依協議由一方或雙方共同任之。未為協議或協議不成者，,則從上開情事觀之，倘抗告人向來關心未成年子女，,顯有違誤。甚且抗告人並非具有法學素養之人，,經查：兩造於98年1月22日結婚，,然此乃可歸責相對人及其家人之事由，,亦拒絕給付扶養費，其歸責於相對人不同意來嘉義生活，,如有1期遲未履行，其後24期視為亦已到期，,相對人每日通車上班，抗告人住在桃園的宿舍，,足見抗告人可提供父系家庭支援照顧系統顯優於相對人。,或多安排時間回嘉義與父系家庭團聚，,親權酌定之建議及理由：由於單方面評估聲請人，,況且抗告人於原審上開諭知後，亦表示瞭解等語，,卻遭來相對人及其家人冷嘲熱諷刻意刁難，,再者，如以抗告人於抗告狀所述之事實觀之，
38_19_b83ed6,不得無故拒絕會面交往；若因上揭正當原因致無法會面交往，,就聲請人部分，訪視結果略以：若聲請人陳述屬實，,自應由相對人行使或負擔未成年子女王浰荊之權利義務，,聲請人應於會面交往期滿時，準時將子女於子女住所交還相對人。,三聲請人所指相對人有家庭暴力行為部分，,相對人之支援系統已成形，並無變動之風險，,是本院認目前未成年子女王浰荊權利義務之行使或負擔，,伍關於聲請人請求相對人給付關於未成年子女王浰荊之扶養費部分，,兩造前經本院104年度婚字第114號和解離婚成立，,方造成聲請人輕微瘀擦傷，非如聲請人所稱有毆打之情形。,本件聲請人聲請未成年子女王浰荊權利義務之行使或負擔，,並提出報告及建議，家事事件法第106條第1項亦定有明文。,三聲請人僅以照片數紙便望圖為文，自行推測子女生活存在不悅，,相對人對於聲請人實施家庭暴力行為，,但聲請人無法負擔該筆金額，顯見聲請人財務狀況不佳，,訪視當天未成年子女與其堂姊在旁遊玩，,反聲請聲請人之聲請，於法並無不合，,但於104年3月2日聲請人通知相對人已將子女健保退保，,聲請人當日會面交往權停止。子女就學之學校放寒暑假之期間，,爰裁定如主文第1項所示。肆復按法院得依請求或依職權，,相對人與社工員談話時，未成年子女本與其堂姊在旁玩耍，,相較之下聲請人之家庭支援系統尚存有未來變動可能，,窒礙難行，而不利於子女學習成長，兩造亦無意共同行使子女親權，,為相反之認定。觀之兩造衝突之原因，,兄姐均與相對人同住，父母亦無需工作可全心照護幼女。,尤應注意下列事項：一子女之年齡性別人數及健康情形。,民法第1055條之1亦定有明文。再者，,經鈞院核發103年度家護字第52號通常保護令在案，,七各族群之傳統習俗文化及價值觀。前項子女最佳利益之審酌，,再該會面並須於每年寒暑假開始前10日，,得分別審理分別裁判：一請求之標的或其攻擊防禦方法不相牽連。,對於父母親離婚一事，自己未來會在未成年子女10歲時，,將該等選定日期通知相對人。子女年滿15歲後，,生活習慣良好，並無任何不良習慣，具有固定儲蓄習慣，,視力亦屬正常，足見相對人照護狀況良好。,為兩造因對子女教養之看法不同而生之衝突，,在心理上，母親與女兒更能有密切之溝通，,實屬唐突武斷。再者，子女成長過程中本即有喜怒哀樂等各種情緒，,且對於未成年子女之生活起居及個性均屬瞭解，,平日皆須至幼兒園上課，如每周六日皆由聲請人探視，
39_23_d30026,訴訟費用由被告負擔十分之六，餘由原告負擔。,其立法理由略以：舊法關於裁判離婚原因之規定，,訴請判決兩造離婚，洵屬有據，應予准許。,是原告應負主要較重責任之一方，依法原告不得向被告請求離婚。,即將未成年子女王焌剛驅逐離開住處，,婚姻關係復無其它制度上保護之價值利益存在，,兩造夫妻情分已薄，原告所受精神痛苦自屬非淺。,至清償日止，按週年利率百分之5計算之利息部分，,扶養義務人分擔之比例：按扶養之程度，,婚姻家庭關係仍有取得平衡穩定之可能。,兩造對其等婚姻衝突如能為良性之動態調整，,得酌定逾期不履行時，喪失期限利益之範圍或條件，,已發生無法維持婚姻關係之事實，雙方共營生活之意思已然殘缺，,仍屬適當。復參酌兩造之年齡經濟能力，,未成年子女王焌剛與被告發生爭吵，被告一怒之下，,並稱原告與人有染，極盡侮辱能事，致原告無法與被告共同生活。,為平衡個人自由與婚姻家庭制度之保護，,（三）被告應給付原告新臺幣（下同）50萬元，,本院認原告與被告應依2比1之比例，,民法第1119條第1115條第3項分別定有明文。,卻仍遭被告暴力對待，致兩造婚姻破裂家庭缺損，,授權立法者以透過立法裁量之方式解決，,兩造於婚姻中雖偶有爭執，但被告未曾有過任何虐待等家暴情事，,原與被告同居之未成年子女王焌剛罹患感冒身體不適，,必要時並得命提出擔保。法院命給付定期金者，,親自哺乳，詎料於未成年子女王焌剛滿月之際，,故原告請求被告負擔未成年子女王焌剛之扶養費用每月5000元，,至未成年子女王焌剛成年之日止，按月於每月五日前，,七各族群之傳統習俗文化及價值觀。前項子女最佳利益之審酌，,準此，依家事事件法第107條第1項規定，,惟於訪視當時，未成年子女王焌剛係與被告共同居住生活，,原告知悉後，質問被告，復遭被告以木條毆打左小腿成傷，,原告因未妥善醫治，迄今每遇天氣變冷即隱隱作痛。,本判決主文第四項得假執行。原告其餘之訴駁回。,經審酌後均與判決結果不生影響，爰不另一一論述，,惟婚姻制度攸關身分關係倫理價值及社會公益，,包括受害人因離婚所受之精神上痛苦，,前項情形，得於第一審或第二審言詞辯論終結前，,足見現在等情，亦據關係人王焌剛於本院陳述明確。,3給付方法：法院命給付家庭生活費扶養費或贍養費之負擔或分擔，
40_04_9d97cb,就是有名無實的婚姻，等到未成年子女滿18歲以後再談離婚，,係民法親屬編於74年修正時，為因應實際需要，,惟乙15歲甲則為14歲，對於金錢價值觀，,兩造所育未成年子女乙甲本與上訴人同住，,其他沒有互動，之前兩造住在一起有時候會吵架。,自此分居兩地迄今等情，為兩造所不爭執（見不爭執事項3），,且此判斷不可由被上訴人已喪失維持婚姻意欲之主觀面來加以認定，,必要時並得命提出擔保。法院命分期給付者，,雙方誠摰互信之感情基礎不復存在，共同生活的婚姻目的，,三上訴人與子女會面交往部分：依民法第1055條第5項規定，,以致兩造關係無可回復，應屬有責；又依兩造子女所陳，,得審酌一切情況，定其給付之方法，不受被上訴人聲明之拘束。,被上訴人因遭上訴人毆打而離家，迄今已分居8年之久，,此共同生活體，須夫妻共同經營生活，,如不服本判決，應於收受送達後20日內向本院提出上訴書狀，,須夫妻雙方互助互愛互信互敬相互包容扶持同甘共苦，,經本院斟酌後，認為均不足以影響本判決之結果，,上訴聲明為：原判決廢棄。上廢棄部分，,有該報告1份在卷可稽（見原審卷第30至35頁）。,上訴人於本院詢問時竟稱：沒有證據等語（見本院卷第34頁），,本件兩造業已分居8年以上，分居期間前23年少有互動，,且我們的戶口雖在一起，但實際上兩造並沒有住在一起，,除了上訴人帶我們去跟被上訴人拿午餐外，,以彌補未能同時享有完整父母親情之缺憾，,所謂未成年子女之最佳利益，應指行使或負擔子女權利義務之人，,上訴人則仍在桃園市桃園區建國東路住處，,認兩造所育未成年子女所需扶養費應各以1萬5000元為適當，,兩造分居期間沒有互動，只有在伊國小二年級到五年級的時候，,被上訴人只負責未成年子女的扶養費，,婚姻關係誠摯相愛之基礎蕩然無存，婚姻關係已生嚴重破綻，,按月給付被上訴人關於上開2名未成年子女之扶養費各9892元。,其目的在使夫妻請求裁判離婚之事由較富彈性。,衡諸上開各等情，以上訴人可責程度較高，,兩造除就未成年子女學校註冊費有所接觸外，,因為被上訴人從不會講台語，到被教育到會講台語，,應可認係民法第1052條第2項所定難以維持婚姻之重大事由，,是因為上訴人要未成年子女學會獨立，,2被上訴人主張伊於97至98年間離家，,也沒有去請被上訴人回家，因為請被上訴人回家，,審酌上訴人與未成年子女相處之情形，
42_11_bdb746,婚後育有未成年長女甲（女，民國00年0月00日出生，,長女長男有伊母親照顧，不需要變動長女長男監護權云云。,顯見長女長男與聲請人之依附關係較深，,改定由聲請人任之。聲請程序費用新臺幣壹仟元由相對人負擔。,七各族群之傳統習俗文化及價值觀。前項子女最佳利益之審酌，,下稱長女）長男乙（男，90年6月4日出生，,又法院為民法第1055條裁判時，應依子女最佳利益，,：評估與建議：若兩造之一方有人能親自實際照顧和教育長女長男，,長女長男平常係與祖母即相對人母親居住，,現居所在台北（應係新竹縣竹北市之誤），,身分證統一編號：Z000000000號，,為有理由，應予准許。四依家事事件法第104條第3項，,即消極的不盡其父母之義務，例如不予保護教養而放任之，,（問：你有無跟你爸爸去竹北過？）有。,（問：為何要去跟媽媽住？）媽媽可以照顧我們。,那邊他也有另一個家。（問：你跟周恆緯現在跟誰住？）媽媽。,或詢問長女長男之祖母關於長女長男之狀況。,或有不當行為或態度，或不當管理其財產，,下稱長男），嗣兩造於100年8月17日離婚，,形成隔代教養，難認相對人已善盡對長女長男之保護教養義務，,但相對人沒有與長女長男住在一起，長女長男希望與聲請人同住。,並約定長女長男權利義務之行使或負擔由相對人任之。,（問：周恆緯現在跟誰住？）也跟媽媽住。,並請尊重長女長男之意願，審慎裁量監護權等語，,如對本裁定抗告須於裁定送達後10日內向本院提出抗告狀，,尤應注意左列事項：一子女之年齡性別人數及健康情形。,你與周恆緯都跟誰住？）阿嬤。（問：爸爸？）在竹北工作，,法院除得參考社工人員之訪視報告或家事調查官之調查報告外，,理由一本件聲請意旨略以：兩造原係夫妻，,均屬之。本院經查：兩造原係夫妻，婚後育有未成年長女長男，,三按夫妻離婚者，對於未成年子女權利義務之行使或負擔，,依協議由一方或雙方共同任之；前項協議不利於子女者，,聲請人目前有固定職業，身體健康，有經濟能力，,身分證統一編號：Z000000000號，,改定由聲請人任之。從而，聲請人之聲請，,審酌一切情狀，參考社工人員之訪視報告，,並應繳納抗告費新臺幣1000元整。,（問：從何時開始跟媽媽住？）6月16日畢業的時候。,綜上所述，本院審酌相對人並未親自照顧長女長男，,聲請人適於行使負擔長女長男權利義務之責等情形，
46_41_9f92b5,相對人最後始勉強同意將甲之戶籍該校學區。,準用第41條第42條第1項之規定，,對於未成年子女甲權利義務之行使或負擔則由兩造共同任之，,亦對甲之課業興趣漠不關心，已嚴重影響甲之學習進度，,處理親子非訟事件，應依子女之最佳利益，,星期六去姑姑家，在姑姑家睡覺，星期日再去阿嬤家。,如對本裁定抗告須於裁定送達後10日內向本院提出抗告狀，,如相對人另有安排出遊或其他行程，聲請人再依情況同意盡量配合，,透過各種管道與乙重建良善之父女關係，,顯造成甲之精神壓力及心理恐懼，已不適任教養之責。,請求法院改定之；法院為前條裁判時，,尚非虛妄。五聲請人復主張依系爭調解筆錄之約定，,致未成年子女乙甲身處父母間之糾葛，,應於每月份第一三週週六，配合未成年子女乙甲學習才藝之時間，,係本於父母子女之身分關係而當然發生，,係由其家屬負責照顧甲生活起居，其與甲幾乎毫無互動，,相對人父母親及其姐姐亦可協助照顧未成年子女乙甲。,交付予相對人或其委託之親屬外出同遊同宿，,四又聲請人擔任長女乙之監護人後，即刻意阻撓相對人探視乙，,會先問原因再處理事情。（問：處罰方式）偶爾會寫心經。,查悉甲當時到庭陳稱該卷附照片中之傷勢，,等語逼問及恫嚇甲，相對人不忍甲於父母間之抉擇為難，,並提出報告及建議。法院就前條事件及其他親子非訟事件為裁定前，,聲請人根本未曾向相對人提起過此事，,相對人應按月給付25000元作為乙甲之扶養費，,是聲請人主張相對人於探視期間未盡其保護教養義務等情，,以維兩造保護教養之責與父愛母愛之施予，,係肇因於聲請人對乙灌輸負面想法所致，,是實難憑長女乙與相對人關係惡劣乙節，,因而十分排斥，亦不喜歡接觸與相對人有關之事物，,為有理由，應予准許，爰裁定如主文第1項所示。,修正兩造就原系爭調解筆錄有關乙甲之會面交往方式如附表所示。,本於當事人意思自治之原則及法院裁判效力，,並經本院依職權調閱上揭案卷，核閱無誤，,始為杜絕兩造與未成年子女會面交往爭議之根本解決之道。,得請兒童及少年心理或其他專業人士協助。,六兩造就系爭調解筆錄所約定之會面交往方式，,又相對人就甲之不良習慣皆未予糾正，,聲請之基礎事實相牽連，自得為反聲請，,但相對人在探視期間與甲親職互動情形不多，
46_47_12b5e9,被告雖否認與訴外人甲於9798年間有多次通姦之行為，,與子偕老之誓言實現。正所謂家家有本難唸的經。,此係父母子女身分關係之本質上不可或缺之要素，,得審酌一切情況，定其給付之方法，不受聲請人聲明之拘束。,被告將住家弄得非常髒亂（見原證5），,但伊都沒有感受到，接送小孩時，留下小孩後就離開，,故於父母離婚後，未行使親權之父母一方，,參以未成年子女陳稱兩造吵架多是因為未成年子女教養問題，,其住院期間，需要其父母協助照顧子女李汶育及李宜祐，,兩造婚姻既已生破綻無回復希望，難以維持婚姻，,又原告目前擔任運輸業業務，每月收入5萬6000元，,其亦應負部分之過失責任。揆諸前揭說明，,又父母對於未成年子女之扶養義務應屬生活保持義務，,況被告今年已住院多次，最近一次住院甚至已經超過3週，,，民法第1055條之1第1項第2項亦有明文。,依前揭規定，對於本訴及追加請求應合併審理合併裁判，,在母子三人互動過程中，原告也能依此與案主們理性溝通，,附此敘明。五本件判決之基礎已臻明確，,且願陪伴及栽培兩名未成年子女持續就學與成長，,原告所為對兩造之婚姻亦有不利之影響，,惟被告仍於每次週休假日時，將子女送往原告住處共同生活，,誠如上述，被告希能以最大之誠意，盼得原告之回心轉意，,本件原告之訴為一部有理由一部無理由，,不受民事訴訟法第53條及第248條規定之限制；前項情形，,我就無法裝成是普通朋友一樣對妳的思念不變，,縱使因生病住院亦不曾忽略。自原告離家迄今，,並為兩造所不爭執，此部分事實，堪信為真正。,且被告向甲稱：李bb，我必需誠實的面對自己，,任何人均將喪失維持婚姻意欲之程度而定。,茲依家事事件法第107條第2項準用同法第100條第4項規定，,親職能力：原告本為案主們各項事務處理者，,自無逐一審究之必要，併予敘明。六據上論結，,被告所為，已逾越已婚男女正常交往之分際，,次按法院為前條裁判時，應依子女之最佳利益，,而行政院主計總處有關國人平均消費支出之調查報告，,另按民法第1119條第1115條第3項規定：扶養之程度，,以上僅提供被告及兩位未成年子女訪視時之評估，,足見被告與甲確有過通姦行為，亦即被告所辯為不實。,依家事事件法第51條民事訴訟法第79條，,難以維持婚姻者，夫妻之一方得請求離婚，
47_36_4b2471,從而，伊自得依民法第1030條之1第1項規定，,因為伊認為比起用借據，保管條比較有保障，,惟查，己係以其如經酌定為親權行使人，,判決如下：主文對於兩造所生未成年子女戊（男，,至戊丁之住處或兩造約定之其他地點，,丙依上開方式與戊丁進行會面交往時，,民法第1030條之4第1項有所明定。,目前都還沒有還等語（見同上卷二第129頁）。,伊為遷入金湖路房地居住而需支付甲500萬元，,因而影響未成年子女之身心狀態，故為戊丁最佳利益之考量，,正想要重新開始，剛好有1筆獎金匯入40萬元，,也每月支付利息2萬5000元。至於伊在與甲之租賃契約中，,俱有可疑之處，實難認辛此部分主張為可採。,有無簽立借據都不清楚，這些都交給乙經手，,能表達受照顧之狀況，在訪視時自由表達意見，,已如上述，參照上揭法文規定及說明，,而有交易上之來往，然應無甘冒受偽證追訴處罰之風險，,亦在丙離家後對於戊丁提供良好之照顧及生活。,因為伊不是經常待在台灣云云（見同上卷二第130頁），,先遷入使用。迭至104年間因政府打房，,經查：兩造婚後育有未成年子女戊丁，,將戊丁接出進行會面交往及同宿，並於翌日即週日晚間9時前，,遽行指摘甲之證詞係維護己云云，未見舉證以實其說，,將不會向丙請求給付扶養費為理由，而表示若未能取得親權，,以載明甲確認收訖款項，及各期款項金額等語，,得自由以電話郵件（含電子郵件）即時通訊軟體與戊丁交往，,雖經鑑定結果認其價值為133萬元。,故伊有對於乙之448萬元借款債務。,三商美邦人壽000000000000號保單，,業據依職權調取105年度司家調字第266號卷宗查核無誤，,按週年利率百分之五計算之利息部分，,應屬實可信。辛雖證稱：伊印象中己借款比較大筆的，,堪認己前開主張屬實。丙稱：己與甲簽立之買賣契約書中，,也有監護意願；兩造工作及收入穩定，,依協議由一方或雙方共同任之。未為協議或協議不成者，,請准宣告假執行，暨為反請求答辯聲明：己之反請求駁回。,從而，丙陳報之剩餘財產既遠低於500萬元，,而與上開辛簽發與甲之支票金額相符（見同上卷二第94頁），,無從認定己積欠辛100萬元40萬元之債務。,雖無足夠資力，然經甲慷慨應允得支付500萬元定金後，
47_39_e166da,且102年7月6日聲請人未上班，卻不願到醫院照顧丙，,平均每月42516元，與其自陳5至6萬元有明顯差距。,然兩造離婚後仍與丙共同居住，僅分房睡見本院卷二第90頁，,又父母對於未成年之子女之扶養義務，,聲請人然後勒？她叫你幹麼？丙不要理你。,本院得依職權審酌，不受當事人聲明之拘束，,則聲請人雖未擔任丙之親權行使人，依照上開規定，,或家事訴訟事件及家事非訟事件請求之基礎事實相牽連者，,有學習跟不上之狀況，而認相對人確實未善盡教養之責云云，,一起念故事書，一起遊戲，讓丙有安全感，,爰不逐一論駁。五依家事事件法第104條第3項，,顯然相對人關心丙在學校之學習狀況，,又聲請人非常關心丙，在家較少與丙互動或小心與丙講話，,前項命給付扶養費之方法，法院得審酌一切情況，,按月於每月10日前給付相對人關於丙之扶養費9000元，,且目前擔任幼稚園音樂才藝老師，有相當之謀生能力，,相對人對丙歇斯底里辱罵，並在丙面前詆毀聲請人，,縱相對人對丙偶為嚴厲態度，亦無法抹滅相對人對丙百般呵護，,依然故我，令相對人面對公婆時倍感精神壓力。,媽媽有時會講故事給伊聽，爸爸不會講故事給伊聽。,不需如相對人般需向聲請人請求每月給付9184元。,為天經地義且為法之所許，與兩造資力無涉。,並再衍生若干程序勞費，對丙之權益難謂沒有影響，,理由壹程序方面：按數家事訴訟事件，,再按家事非訟事件之合併變更追加或反聲請，,經濟來源絕無疑慮，況父母職業及經濟能力之考量固然重要，,否則就會當廢人，並非辱罵未成年子女係廢人。,也不會帶伊出去玩。如果爸爸媽媽分開，,丙自出生迄今無論生活起居教育人格發展皆由相對人悉心撫育教養，,正值兒童成長發育之期間，需予悉心教育照顧之階段，,也因此產生溝通障礙，雖選擇以離婚來解決問題，,至兩造所生子女丙分別年滿20歲成年時止，,爸爸不會幫伊複習功課，也不會陪伊吃晚餐，,較符合子女之最佳利益，爰酌定如主文第1項所示。,嗣醫囑須住院觀察時，相對人暫請二位朋友前來照顧丙，,每月收入約56萬元，名下有汽車1輛，,相對人103年1至7月之薪資總合為297610元，,非自行辦理出院，且相對人忙著辦理出院手續當然無暇理其他事，,七各族群之傳統習俗文化及價值觀。前項子女最佳利益之審酌，,2親職能力：從惟兩造關係緊張，籲請兩造做好友善父母之角色，
48_25_fde1d6,1400cc，三門小車），又要買一台，,因而夫妻應互相尊重以增進情感之和諧，,未成年子女於會面交往中患病或遭遇事故，,你我自己做的事，自己最清楚什麼是氣話也分不清，,許博翔的手機也會有通知），監聽林淑芳的手機通聯，,均不得有危害未成年子女身心健康之行為，,許博翔的手機也會有通知），監聽林淑芳的手機通聯，,只有我考試是8字頭，父親就會說怎麼考那麼爛，,台南喜宴時，很多桌都只有一兩人，鋪張浪費，,罵我舅舅是米蟲，我媽開了十幾年車給舅舅開，,本院自得依職權，定其對於未成年人許之會面交往之時間及方式。,我選擇在所有案件結束後再探視小孩，,請法官根據事實判斷。本人重視家庭生活教育，,就讓你們看清事實證據，什麼都裝不知，,藉由法律過程，讓你們暸解始末，敬請到時準備出庭。,書念到休學，只會對老公惡言激怒，家庭烏煙瘴氣，,林淑芳稱我之前常說要離婚，是因為長期以來她對我講話態度不好，,藉由法律過程，讓你們暸解始末，敬請到時準備出庭。,做事要用正當方式，你們一直編劇情，,常常用傲慢態度與林淑芳相待，將夫妻不和之因完全推卸於林淑芳，,殺了許，我才能重新開始得到我的幸福妳不要以為妳隨隨便便，,您就裝一付什麼都不知，有本事就要求自己兒子，,林淑芳除疲於工作以支付家用及照顧幼子外，,我善意提醒她可以不要工作，但林淑芳無法接受，,許在93年由許博翔獨自扶養，就讀大學內的幼稚園，,許博翔對於自己言語暴力等行為不願多提。,（法官問：父親會怪你母親沒有把你教好？）證人答：會。,102年10月間，僅因英文單字問題，,不被尊重。許博翔覺得自己非常努力，,覺得要完成這些事情，覺得要盡力去完成這些事。,陸續傳訊息攻擊騷擾林淑芳妳們準備的資料筆誤太多，,林淑芳不願意，許博翔便用手揉捏林淑芳的胸部，,精神上飽受折磨創痛不堪。且雙方自103年1月16日起即分居，,如不服本判決，應於收受送達後20日內向本院提出上訴書狀，,我已經給你很多時間空間了，妳自己想好做不後悔就好，,更常說：男人要娶嫩妻老婆專職在家伺候老公很好等話題來尋隙。,未成年子女與未同住一方之父或母會面交往之發生源於天性，,足認許博翔以電話進行監控等方式，對於林淑芳進行生活控管。,決定訴請離婚。民法第1052條第1項第3款規定，,足證林淑芳之主張為真正。103年1月7日，
48_38_805410,維持共同監護，使兩造都能參與兒少的成長，,彼此關係不睦等情，乃兩造所不爭執（見本院卷第89頁）。,應依子女之最佳利益，審酌一切情狀，,婚姻關係已生重大裂痕而難以維持乙節，,而原告無法就近照料時，被告應為必要之醫療措施，,又被告於102年4月間曾無故離家返回娘家居住，,（二）被告得由家人陪同與未成年子女會面出遊。,其前揭抗辯自無可採。從而，本院為未成年子女最佳利益，,或一造有以任何不正當方法，拒絕或阻撓對造行使會面交往權者，,附此敘明。肆據上論結，本件原告之訴為有理由，,並育有未成年子女乙（年籍詳如主文）。,時間為上午八時至晚間十時止）致贈禮物交換照片拍照等行為。,酌定對於兩造所生未成年子女乙權利義務之行使或負擔，,依一般人之生活經驗，顯然難期修復，,應尊重其意願，不受上開探視會面交往時間及地點之限制。,並非永久必然之安排，兩造在會面交往時，,依證人丙於本院審理時到庭證稱略以：兩造自被告返家後即未同房，,或家事訴訟事件及家事非訟事件請求之基礎事實相牽連者，,致減少原告教育之時間，於子女送回前，,同住期間由兩造協商。惟如無法協商，,且兩造目前均無感情，雙方及其家人亦均無互動，,再者，被告不僅屢對原告雙親有不禮貌之言行，,為兼顧其日後人格及心性之健全發展及滿足其孺慕之情，,堪認雙方婚姻關係已難以維持，且其事由應可歸責於被告。,雙方誠摰互信之感情基礎，已經不復存在，,亦難期兩造得再共同協力維持圓滿之婚姻生活，,兩造均不得有危害子女身心健康之行為，,現仍婚姻關係存續中，雙方育有未成年子女乙等情，,相對人則較以本身之立場為主，未能兼顧雙方權益，,訴訟費用由被告負擔。事實及理由壹程序部分：按數家事訴訟事件，,同時請求酌定未成年子女親權行使（詳下述），,本院於民國104年10月1日言詞辯論終結，,理由：程序監理人評估聲請人（即原告，,被告得提前於連續假日之首日行使會面交往權，,除事先通知原告並經原告同意者外，否則即取消當次之探視，,終致婚姻裂痕擴大而難以維持；是衡諸前揭兩造婚姻整體歸責事由，,本件既已酌定由原告單獨擔任未成年子女之親權人，,干涉太多所導致，。因兩造仍有努力空間，,如不服本判決，應於送達後20日內，,爰依職權酌定被告與未成年子女乙會面交往之時間方式如附表所示，
49_03_bd22a8,更為子虛烏有！且相對人及其家人將聲請人趕出住所，,如遲誤一期履行，視為全部到期。三按夫妻離婚者，,另一方面更要求父母雙方均能積極參與父母與子女問之親情建立。,認施雨辰每月所需扶養費用以2萬元為當，,非訟事件法第21條第2項，民事訴訟法第78條第79條。,並考量未成年人尚無菸酒及其他娛樂支出，,依協議由一方或雙方共同任之。未為協議或協議不成者，,自出生至今均由相對人照料，為未成年子女之主要照顧者，,，而聲請人。，爰裁定如主文第一項所示。,讓案女不用接受一般小學繁重的課業壓力，,作為相對人及未成年子女102年9月至12月之生活情，,並參酌實務見解，懇請鈞院判賜聲請人如遲誤一期履行者，,相對人表示不夠，又向大嫂李佳錦借5萬元，,用以發放工程工資福利社等費用，並不違常情，,生活起居，目前主要由外祖母主要負責。,是上包維廣工程有限公司匯款至聲請人之妻即相對人之帳戶，,與負扶養義務者之經濟能力及身分定之；負扶養義務者有數人，,以彌補其未能同時享有完整父母親情關愛之缺憾，,向本院提出抗告狀，並繳納抗告費新臺幣1000元。,能爭取到案女的獨立監護權，好方便辦理遷戶籍手續。,多次前往蔡家，誠懇表達欲與未成年子之女施雨辰帶回家扶養之意，,嗣兩造於103年8月18日經本院調解離婚，,但其會面交往有妨害子女之利益者，法院得依請求或依職權變更之。,作為褓姆費等家用費用之金額為何？聲請人主張，,聲請人僅支付6140元，另自聲請人於102年12月底離家後，,甚相對人之父竟有意將兩造之女施雨辰過繼給其長子，,是聲請人此部分主張，顯不足採。聲請人主張，,本院參酌兩造之主張前揭訪視報告及程序監理人報告，,相對人與被監護人互動自然，被監護人無受不當照顧情形。,惟因相對人及其兄嫂白天均須工作，故家務亦須由母親一人承擔，,聲請人母親並表示屆時她會跟著搬到宜蘭去照顧案女，,爰聲請酌定由聲請人行使負擔未成年子女施雨辰之權利義務。,自行決定與聲請人會面交往之時間及方式。,而其經濟能力居家環境及良好之支持系統，,六本件事證已臻明確，兩造其餘攻擊防禦方法及立論之證據資料，,爰併同聲請人未來應給付部分，裁定如主文第四項所示。,查聲請人每月平均收入約為56萬元，,其後之6期喪失期限利益，以維未成年子女之利益。,訪視觀察所得，訪視人員詢問案女，案女會回應，,於聲請人遭相對人之父逐出住處後，因心繫相對人生活不濟，
49_23_563afa,暑假得增加十五日同住期間。此段探視期間由兩造自行協議，,如對本裁定抗告，須於裁定送達後10日內向本院提出抗告狀，,經查，未成年子女莊芷紜莊翔鈞之扶養費，,二聲請暨反聲請答辯意旨略以：兩造原為夫妻關係，,親子互動良好；於訪視莊王文時，子女則進入房間寫功課，,相對人莊王文應自本裁定確定之日起，,對於未成年子女權利義務之行使或負擔，,家事事件法第107條第1項規範明確。,應依子女之最佳利益，審酌一切情狀，,張嘉惠身體狀況不佳等語，惟觀諸張嘉惠出庭時之客觀表現，,次按，家事非訟事件之合併變更追加或反聲請，,如協議不成，即自寒假暑假開始第三日起算，,相對人即反聲請聲請人莊王文之反聲請駁回。,之後莊芷紜報警，莊王文被送往醫院，,現在工廠擔任顧台員，每月收入約34000元到36000元。,均酌定由聲請人即反聲請相對人張嘉惠單獨任之。,必要時並得命提出擔保；法院命分期給付者，,再者，莊芷紜與莊翔鈞尚未成年，仍有受扶養之必要，,如遇未成年子女有疾病時，應於交付未成年子女時告知，,伊也願意負擔莊芷紜與莊翔鈞每人每月扶養費7753元等語。,當期以後之給付視為全部到期。莊王文之反聲請駁回。,揆諸首揭說明，莊王文提起反聲請，應屬合法，,且莊王文曾因沈迷寶可夢線上遊戲而把其等丟在家裡，,為有理由。復為督促莊王文按期履行，,既經本院酌定由張嘉惠單獨任之，張嘉惠自應與子女共同起居生活，,訪視人員見到子女會主動幫張嘉惠整理頭髮捶背按摩，,為每人每月15505元，為兩造所不爭執，,依同法第74條規定，應適用家事非訟程序。,伊目前身體健康，與子女感情良好，亦有經濟能力，,與叔叔則鮮少互動，又其等曾經聽聞兩造爭吵摔酒瓶的聲音，,同法第1116條之2亦有明文。次按，,均由兩造共同任之。張嘉惠應自本裁定確定之日起，,除經張嘉惠或莊芷紜莊翔鈞同意外，視同放棄該次探視照顧同住權，,其等害怕莊王文會再有情緒激動之狀況，,先前曾經檢驗出罹患癌症，雖目前已呈陰性反應，,婚後育有未成年子女莊芷紜與莊翔鈞，,也跟子女溝通說明當時的心情，獲得子女諒解，,張嘉惠為大學畢業，曾任安親班老師，,法院除得參考社工人員之訪視報告或家事調查官之調查報告外，,尚為稚齡或僅係幼童，身心發展狀況與承受負荷精神壓力程度，
50_00_29d279,為有理由，應予准許。逾此範圍之請求則非有理，,此有本院104年3月12日和解筆錄附卷可憑，,茲審酌如下述：扶養費乃維持受扶養權利人生活所需之費用，,惟婚後因相對人以迴避衝突來維繫雙方關係，,惟就何人任陳宥霖之親權人，兩造無法達成協議等情，,而本件亦無其他特別情事足資證明有命扶養義務人一次給付之必要，,各族群之傳統習俗文化及價值觀。前項子女最佳利益之審酌，,其費用之需求係陸續發生，故應以定期給付為原則，,故仍希望單獨監護子女，惟在限制共同決議之重大事項範圍前提下，,因聲請人即反聲請相對人蔡麗珠目前已無在任職高中之進修部授課，,如相對人表示可共同監護，而子女之主要照顧者由他方任之，,父母扶養子女，未留下支出單據，是所常有，,寒假增加7日同住探視期間，暑假增加14日同住探視期間。,且因聲請人即反聲請相對人蔡麗珠以往平日工作時間甚長，,平常6點多出門時，伊與配偶就會上去看，,本件兩造之子女陳宥霖（100年1月31日生）為未成年人，,恐日後相對人有拒絕或拖延之情，而不利於子女，,有戶籍謄本及本院和解筆錄等件在卷可按，,白天她就會自己照顧陳宥霖，晚上蔡麗珠將陳宥霖接回照顧時，,仍應就兩造於此期間之經濟能力及未成年子女之需求等狀況決定。,故在白天將子女陳宥霖託交相對人即反聲請人陳建宏之父母照顧，,況自，，爰酌定如主文第1項所示。末者，,不因結婚經撤銷或離婚而受影響，民法第1116條之2定有明文。,子女陳宥霖則與聲請人即反聲請相對人蔡麗珠共度。,除有實際上之困難外，兩造恐極易再生衝突，,慮及白天無人照顧子女陳宥霖，方帶子女陳宥霖一起南下，,將無人可協助照顧子女陳宥霖。是為子女陳宥霖之最佳利益，,子女陳宥霖與相對人即反聲請人陳建宏共度，,則其應負擔子女陳宥霖之扶養費部分，,爰依上開規定，併宣告相對人於本裁定確定後，,已由與子女同住之聲請人即反聲請相對人蔡麗珠代為支付，,查：兩造於100年1月27日結婚，,法院應審酌一切情況，依所得心證定其數額之規定，,對於未成年子女權利義務之行使或負擔，,伊不曉得兩造為何要分開住，兩造結婚後沒多久就這樣了，,而其親等同一時，應各依其經濟能力，,親自或委託親人前往子女陳宥霖現住處與其會面並接其外出，,晚上小孩也是伊等夫妻在照顧，只要蔡麗珠有放假，,該項時間如與前開一二項時間重疊，則以該項時間為準，,並提出報告及建議，家事事件法第106條第1項亦有明文。